,Symbol,Date,Expiry,Option Type,Strike Price,Open,High,Low,Close,LTP,Settle Price,No. of contracts,Turnover in Lacs,Premium Turnover in Lacs,Open Int,Change in OI,Underlying Value,Delta,OV,OV-Change,OV-Mean,Change,Ratio,Result
0,VEDL,01-Jan-2020,30-Jan-2020,CE,150,8.15,9.35,7.3,9.1,9.1,9.1,146,809.61,43.11,598500,63000,154.6,29,14.659340659340643,,,11.656441717791402,,-29.687500000000007
1,VEDL,02-Jan-2020,30-Jan-2020,CE,150,9.7,12.7,9.4,12.3,12.15,12.3,234,1319.79,91.29,521500,-77000,159.45,28,21.51219512195119,31.855672671999187,,26.80412371134022,,3.8461538461538494
2,VEDL,03-Jan-2020,30-Jan-2020,CE,150,12.2,13.5,10.5,11.0,10.65,11.0,149,842.94,60.69,437500,-84000,157.75,27,19.022727272727273,-13.086808287437556,,-9.836065573770487,,91.37931034482759
3,VEDL,06-Jan-2020,30-Jan-2020,CE,150,9.95,10.75,6.5,6.65,6.7,6.65,256,1412.66,68.66,539000,101500,150.55,24,1.9849624060150783,-858.3419421487406,18.398087684673033,-33.16582914572864,0.10788960461737003,-21.590909090909093
4,VEDL,07-Jan-2020,30-Jan-2020,CE,150,7.85,10.3,7.85,9.7,9.85,9.7,376,2094.47,120.47,490000,-49000,156.0,23,14.226804123711341,86.04772801569112,14.173294933564515,23.56687898089172,1.0037753529011881,-28.409090909090917
5,VEDL,08-Jan-2020,30-Jan-2020,CE,150,7.4,11.35,7.4,10.95,10.35,10.95,129,721.58,44.33,490000,0,157.35,22,14.767123287671224,3.6589331140140477,11.744831267484564,47.972972972972954,1.2573295393824722,4.0000000000000036
6,VEDL,09-Jan-2020,30-Jan-2020,CE,150,12.3,12.3,11.1,11.35,11.35,11.35,92,520.58,37.58,458500,-31500,158.15,21,15.079295154185033,2.070201977757367,10.326296605799214,-7.723577235772367,1.4602810407088782,-18.867924528301888
7,VEDL,10-Jan-2020,30-Jan-2020,CE,150,10.9,15.8,10.9,12.65,12.45,12.65,440,2512.88,202.88,402500,-56000,159.95,20,15.73122529644267,4.144179045004581,14.691074188522533,16.05504587155963,1.070801569345607,-2.500000000000002
8,VEDL,13-Jan-2020,30-Jan-2020,CE,150,13.05,13.65,11.1,12.85,12.7,12.85,234,1332.6,104.1,413000,10500,160.45,17,13.824902723735393,-13.78904872462062,15.192547912766308,-1.5325670498084372,0.909979208432729,-34.210526315789465
9,VEDL,14-Jan-2020,30-Jan-2020,CE,150,14.7,17.25,14.7,16.45,16.4,16.45,344,2000.09,194.09,864500,451500,165.0,16,14.589665653495441,5.241812581063661,14.878474391454366,11.904761904761905,0.9805888204421814,-11.538461538461549
10,VEDL,15-Jan-2020,30-Jan-2020,CE,150,13.7,16.95,13.7,16.7,16.6,16.7,120,697.72,67.72,826000,-38500,164.65,15,13.158682634730546,-10.874819755801472,14.71526455789117,21.897810218978105,0.8942199158542553,-15.999999999999998
11,VEDL,16-Jan-2020,30-Jan-2020,CE,150,14.6,14.6,12.05,13.4,13.5,13.4,199,1136.16,91.41,332500,-493500,162.25,14,12.798507462686567,-2.8141966795272992,13.85775033732046,-8.219178082191776,0.923563143450403,21.73913043478261
12,VEDL,17-Jan-2020,30-Jan-2020,CE,150,13.0,13.05,11.25,11.95,11.95,11.15,30,170.02,12.52,322000,-10500,159.5,13,10.334728033472805,-23.83980905190644,13.515618583637519,-8.076923076923084,0.7646507608600608,17.857142857142858
13,VEDL,20-Jan-2020,30-Jan-2020,CE,150,10.55,10.55,8.5,9.2,9.05,9.2,17,94.63,5.38,318500,-3500,156.9,10,7.500000000000007,-37.79637377963727,12.097306043629972,-12.7962085308057,0.6199727421089136,21.212121212121218
14,VEDL,21-Jan-2020,30-Jan-2020,CE,150,8.25,9.85,6.25,6.45,6.25,6.45,52,286.6,13.6,301000,-17500,153.9,9,5.441860465116287,-37.820512820512754,10.211078498719793,-21.818181818181817,0.5329368945502237,53.57142857142857
15,VEDL,22-Jan-2020,30-Jan-2020,CE,150,8.3,9.4,5.55,5.8,5.6,5.8,84,462.79,21.79,346500,45500,153.2,8,4.413793103448261,-23.2921511627913,7.758862832863033,-30.120481927710852,0.56887113466595,-30.23255813953488
16,VEDL,23-Jan-2020,30-Jan-2020,CE,150,5.35,6.9,5.1,5.9,5.8,5.9,62,338.44,12.94,315000,-31500,154.15,7,4.923728813559328,10.35669772686848,5.7852178561881855,10.280373831775714,0.8510878822467572,-54.83870967741936
17,VEDL,24-Jan-2020,30-Jan-2020,CE,150,6.05,7.8,5.9,6.55,6.65,6.55,58,318.68,14.18,308000,-7000,155.9,6,5.404580152671762,8.897108110696148,4.926460794041292,8.264462809917356,1.0970512866374111,216.66666666666669
18,VEDL,27-Jan-2020,30-Jan-2020,CE,150,4.0,4.0,1.5,1.65,1.5,1.65,764,4074.64,63.64,997500,689500,148.85,3,-2.0909090909091015,358.4799203451699,4.91403402322645,-58.75,-0.4254974794692722,118.57142857142857
19,VEDL,28-Jan-2020,30-Jan-2020,CE,150,1.35,1.35,0.2,0.25,0.2,0.25,1635,8618.21,34.46,1711500,714000,142.2,2,-62.40000000000009,96.64918414918414,2.7457999584406623,-81.4814814814815,-22.72561765039759,31.66666666666667
20,VEDL,29-Jan-2020,30-Jan-2020,CE,150,0.4,0.6,0.05,0.1,0.1,0.1,515,2707.44,3.69,1344000,-367500,142.2,1,-78.00000000000011,20.0,-19.69544297941248,-75.00000000000001,3.9603069644857958,-5.500000000000007
21,VEDL,30-Jan-2020,30-Jan-2020,CE,150,0.05,0.15,0.05,0.05,0.05,0.0,334,1754.25,0.75,1172500,-171500,140.95,0,-0.0,-inf,-47.496969696969764,0.0,0.0,
0,VEDL,01-Feb-2020,27-Feb-2020,CE,130,10.5,12.2,9.35,9.65,9.45,9.65,12,59.05,4.45,28000,14000,134.9,26,13.202072538860119,,,-8.095238095238091,,-10.869565217391305
1,VEDL,03-Feb-2020,27-Feb-2020,CE,130,10.0,10.0,8.1,8.85,9.2,8.85,58,281.88,17.98,143500,115500,134.15,24,11.25423728813561,-17.307572257943658,,-11.500000000000004,,-32.857142857142854
2,VEDL,04-Feb-2020,27-Feb-2020,CE,130,9.5,11.1,9.0,11.05,11.05,11.05,42,206.37,15.27,203000,59500,138.55,23,17.79638009049776,36.76108719354267,,16.315789473684216,,-51.06382978723405
3,VEDL,05-Feb-2020,27-Feb-2020,CE,130,12.0,15.5,11.15,15.05,15.0,15.05,28,140.16,12.76,164500,-38500,143.1,22,19.14950166112956,7.06609286537425,14.084229972497829,25.41666666666667,1.3596413647407526,5.000000000000004
4,VEDL,06-Feb-2020,27-Feb-2020,CE,130,16.75,16.75,14.6,15.3,15.3,14.9,7,35.65,3.8,171500,7000,143.85,21,19.00980392156862,-0.7348720698925184,16.06670634658764,-8.656716417910443,1.1831798945902845,-30.76923076923077
5,VEDL,07-Feb-2020,27-Feb-2020,CE,130,14.0,16.45,13.55,15.35,15.3,15.35,31,157.56,16.51,84000,-87500,144.6,20,19.02280130293159,0.0683252753156223,18.651895224398647,9.64285714285714,1.0198857045930516,-7.407407407407414
6,VEDL,10-Feb-2020,27-Feb-2020,CE,130,13.0,13.15,11.3,11.6,11.75,11.6,27,134.21,11.36,52500,-31500,140.3,17,15.094827586206915,-26.02198464534905,19.06070229520992,-10.769230769230772,0.7919344918366593,0.0
7,VEDL,11-Feb-2020,27-Feb-2020,CE,130,13.05,13.05,13.0,13.0,13.0,11.7,3,15.02,1.37,52500,0,140.75,16,13.23076923076923,-14.088813151563897,17.709144270235708,-0.38314176245211273,0.747115107815039,6.249999999999992
8,VEDL,12-Feb-2020,27-Feb-2020,CE,130,13.7,13.7,12.75,12.75,12.75,12.75,8,40.13,3.73,59500,7000,141.55,15,13.588235294117661,2.630702630702736,15.782799373302579,-6.934306569343061,0.8609521652478751,-13.33333333333333
9,VEDL,13-Feb-2020,27-Feb-2020,CE,130,12.75,13.8,12.75,13.8,13.8,13.8,6,30.15,2.85,52500,-7000,142.5,14,12.681159420289854,-7.15294117647071,13.971277370364604,8.235294117647065,0.9076592700957105,27.272727272727256
10,VEDL,14-Feb-2020,27-Feb-2020,CE,130,14.2,14.2,13.4,13.4,13.4,11.65,3,15.09,1.44,56000,3500,141.1,13,10.768656716417905,-17.75990036859607,13.166721315058915,-5.633802816901401,0.8178692674311927,-15.38461538461538
11,VEDL,17-Feb-2020,27-Feb-2020,CE,130,14.2,14.25,13.45,13.45,13.45,12.4,3,15.12,1.47,52500,-3500,142.1,10,8.996282527881037,-19.70118416183543,12.346017143608472,-5.281690140845071,0.7286789272391712,8.333333333333341
12,VEDL,18-Feb-2020,27-Feb-2020,CE,130,9.75,11.35,9.3,11.0,11.35,11.0,10,48.99,3.49,38500,-14000,140.55,9,8.631818181818192,-4.222335762708056,10.8153662215296,12.82051282051282,0.7981068791397253,-40.0
13,VEDL,19-Feb-2020,27-Feb-2020,CE,130,13.25,14.0,12.85,14.0,14.0,12.85,5,25.06,2.31,38500,0,142.65,8,7.228571428571432,-19.41250449155595,9.465585808705711,5.660377358490567,0.7636686809096541,-33.33333333333333
14,VEDL,20-Feb-2020,27-Feb-2020,CE,130,12.55,13.0,12.55,13.0,13.0,12.5,2,9.99,0.89,35000,-3500,142.35,7,6.649999999999997,-8.700322234156928,8.285557379423553,3.5856573705179224,0.8026014057321819,316.66666666666663
15,VEDL,24-Feb-2020,27-Feb-2020,CE,130,9.05,9.05,4.25,4.55,4.75,4.55,83,392.66,15.01,227500,192500,133.2,3,2.1098901098901024,-215.18229166666765,7.503463203463208,-49.723756906077355,0.2811888394303429,-20.0
16,VEDL,25-Feb-2020,27-Feb-2020,CE,130,5.6,6.0,3.35,3.9,4.3,3.9,258,1215.3,41.4,119000,-108500,132.7,2,1.3846153846153788,-52.380952380952486,5.329487179487177,-30.357142857142854,0.2598027423622795,-15.999999999999998
17,VEDL,26-Feb-2020,27-Feb-2020,CE,130,1.9,4.0,1.05,1.45,1.2,1.45,185,855.97,14.22,262500,143500,130.25,1,0.1724137931034483,-703.0769230769196,3.3815018315018257,-23.684210526315788,0.05098734281237227,-84.00000000000001
18,VEDL,27-Feb-2020,27-Feb-2020,CE,130,1.0,1.7,0.1,1.0,0.1,130.55,421,1923.39,7.84,147000,-115500,130.55,0,0.0,-inf,1.2223064292029766,0.0,0.0,
0,VEDL,02-Mar-2020,26-Mar-2020,CE,110,9.65,10.5,5.5,6.35,6.15,6.35,220,906.44,59.44,346500,56000,110.95,24,3.590551181102373,,,-34.19689119170985,,-27.64227642276423
1,VEDL,03-Mar-2020,26-Mar-2020,CE,110,8.05,11.6,7.25,10.65,10.55,10.65,371,1544.15,115.8,287000,-59500,119.55,23,20.6244131455399,82.59077164637364,,32.29813664596273,,-15.999999999999998
2,VEDL,04-Mar-2020,26-Mar-2020,CE,110,8.0,10.65,7.5,9.9,9.9,9.9,129,536.82,40.17,269500,-17500,119.35,22,20.777777777777764,0.7381185508774192,,23.750000000000004,,-5.71428571428572
3,VEDL,05-Mar-2020,26-Mar-2020,CE,110,13.25,14.3,10.35,10.75,10.8,10.75,58,247.44,24.14,280000,10500,117.1,21,13.869767441860454,-49.806244876667435,14.997580701473344,-18.867924528301888,0.9248003206609119,10.526315789473683
4,VEDL,06-Mar-2020,26-Mar-2020,CE,110,6.0,8.1,5.0,6.65,6.75,6.65,419,1711.42,98.27,784000,504000,111.05,20,3.157894736842097,-339.2093023255822,18.423986121726042,10.83333333333334,0.17140127635670685,38.52459016393443
5,VEDL,09-Mar-2020,26-Mar-2020,CE,110,3.75,3.75,2.05,2.15,2.1,2.15,1911,7524.77,167.42,1802500,1018500,94.9,17,-119.39534883720926,102.64490599306993,12.601813318826771,-42.66666666666667,-9.474457827337897,11.76470588235294
6,VEDL,11-Mar-2020,26-Mar-2020,CE,110,2.0,2.35,1.25,1.35,1.25,1.35,988,3862.89,59.09,1914500,112000,92.0,15,-199.99999999999997,40.302325581395365,-34.122562219502235,-32.49999999999999,5.86122456788116,13.88888888888889
7,VEDL,12-Mar-2020,26-Mar-2020,CE,110,0.6,0.75,0.4,0.65,0.7,0.65,631,2442.04,12.69,1816500,-98000,79.85,14,-649.3846153846155,69.20161099265577,-105.41248470012238,8.333333333333341,6.160414653273623,-31.500000000000007
8,VEDL,13-Mar-2020,26-Mar-2020,CE,110,0.5,1.65,0.35,1.4,1.5,1.4,533,2071.25,19.2,1344000,-472500,84.05,13,-240.96428571428575,-169.4941341450901,-322.9266547406082,179.99999999999997,0.7461889013399684,8.18181818181819
9,VEDL,16-Mar-2020,26-Mar-2020,CE,110,1.05,1.1,0.65,0.85,0.8,0.85,143,555.05,4.5,1316000,-28000,74.85,10,-413.52941176470597,41.729831335094495,-363.44963369963375,-19.04761904761905,1.1377901459283344,2.449567723342923
10,VEDL,17-Mar-2020,26-Mar-2020,CE,110,0.9,0.95,0.4,0.5,0.45,0.5,163,631.87,4.32,1295000,-21000,75.0,9,-630.0,34.36041083099906,-434.6261042878691,-44.44444444444445,1.44952177005624,12.592592592592592
11,VEDL,18-Mar-2020,26-Mar-2020,CE,110,0.6,0.6,0.4,0.5,0.5,0.5,127,490.97,2.02,1162000,-133000,72.95,8,-592.8,-6.275303643724704,-428.16456582633054,-16.666666666666664,1.3845143837532035,-1.6581632653061367
12,VEDL,19-Mar-2020,26-Mar-2020,CE,110,0.25,0.4,0.25,0.35,0.35,0.35,107,413.27,1.32,938000,-224000,69.35,7,-813.0000000000002,27.084870848708515,-545.443137254902,39.99999999999999,1.4905311745082253,-3.1565656565656566
13,VEDL,20-Mar-2020,26-Mar-2020,CE,110,0.25,0.3,0.15,0.2,0.15,0.2,81,312.56,0.71,903000,-35000,75.45,6,-1036.4999999999998,21.562952243125867,-678.6,-19.999999999999996,1.5274093722369582,3.148751357220419
14,VEDL,23-Mar-2020,26-Mar-2020,CE,110,0.15,0.3,0.05,0.2,0.2,0.2,105,404.84,0.59,749000,-154000,62.65,3,-710.25,-45.934530095036926,-814.1,33.33333333333335,0.8724358186954919,5.017502917152855
15,VEDL,24-Mar-2020,26-Mar-2020,CE,110,0.1,0.1,0.05,0.1,0.1,0.1,15,57.8,0.05,721000,-28000,62.8,2,-944.0,24.76165254237288,-853.25,0.0,1.106358042777615,0.0
16,VEDL,25-Mar-2020,26-Mar-2020,CE,110,0.05,0.1,0.05,0.05,0.05,0.05,16,61.63,0.03,682500,-38500,64.2,1,-915.9999999999999,-3.056768558951978,-896.9166666666666,0.0,1.0212765957446808,-0.8888888888888857
17,VEDL,26-Mar-2020,26-Mar-2020,CE,110,0.05,0.2,0.05,0.05,0.05,65.8,53,204.18,0.13,665000,-17500,65.8,0,-0.0,-inf,-856.75,0.0,0.0,
0,VEDL,01-Apr-2020,30-Apr-2020,CE,60,10.3,10.3,8.6,8.85,8.8,8.85,104,252.34,33.94,294000,28000,62.65,29,8.683615819209034,,,-14.077669902912632,,-0.9708737864077808
1,VEDL,03-Apr-2020,30-Apr-2020,CE,60,8.65,8.9,8.05,8.25,8.15,8.25,114,272.89,33.49,283500,-10500,62.8,27,9.163636363636353,5.238319433234636,,-4.624277456647403,,-7.142857142857142
2,VEDL,07-Apr-2020,30-Apr-2020,CE,60,10.5,10.75,9.0,10.45,10.4,10.45,151,370.42,53.32,301000,17500,66.75,23,14.856459330143542,38.31884057971022,,-0.476190476190483,,-30.985915492957737
3,VEDL,08-Apr-2020,30-Apr-2020,CE,60,11.2,15.2,11.0,13.0,13.4,13.0,102,259.01,44.81,269500,-31500,70.3,22,17.430769230769226,14.76876818540772,10.90123717099631,16.071428571428577,1.5989716540747598,-30.000000000000004
4,VEDL,09-Apr-2020,30-Apr-2020,CE,60,16.0,18.85,15.65,18.6,18.85,18.6,46,123.17,26.57,252000,-17500,76.8,21,18.967741935483865,8.103087388801672,13.816954974849708,16.250000000000007,1.372787417344116,-19.23076923076923
5,VEDL,13-Apr-2020,30-Apr-2020,CE,60,16.5,19.75,16.5,19.5,19.2,19.5,13,35.49,8.19,252000,0,78.3,17,15.953846153846152,-18.89134289358258,17.084990165465545,18.181818181818183,0.9337931130972605,-5.263157894736835
6,VEDL,15-Apr-2020,30-Apr-2020,CE,60,20.25,22.25,19.8,19.95,20.05,19.95,32,91.15,23.95,259000,7000,78.6,15,13.984962406015033,-14.078577336641882,17.450785773366416,-1.481481481481485,0.801394423588595,-36.84210526315789
7,VEDL,16-Apr-2020,30-Apr-2020,CE,60,22.3,24.5,22.3,23.8,23.8,23.8,15,44.06,12.56,241500,-17500,82.7,14,13.352941176470589,-4.733198635354865,16.30218349844835,6.726457399103139,0.8190891224934088,14.285714285714299
8,VEDL,17-Apr-2020,30-Apr-2020,CE,60,24.45,24.45,23.85,23.85,23.85,24.35,3,8.84,2.54,241500,0,84.1,13,13.136268343815509,-1.6494245320215954,14.430583245443925,-2.453987730061341,0.9103075128971615,60.00000000000001
9,VEDL,20-Apr-2020,30-Apr-2020,CE,60,24.5,25.0,24.0,25.0,25.0,21.6,3,8.87,2.57,241500,0,81.45,10,8.580000000000002,-53.10336065053038,13.491390642100376,2.0408163265306123,0.6359611271817895,-7.142857142857134
10,VEDL,21-Apr-2020,30-Apr-2020,CE,60,16.0,18.7,15.4,18.7,18.7,18.7,23,61.29,12.99,168000,-73500,78.45,9,8.879679144385028,3.3748870822041463,11.689736506762033,16.874999999999996,0.7596132846320786,-26.66666666666666
11,VEDL,22-Apr-2020,30-Apr-2020,CE,60,16.0,16.0,16.0,16.0,16.0,16.25,2,5.32,1.12,168000,0,76.1,8,8.049999999999997,-10.306573222174297,10.198649162733512,0.0,0.7893202199184565,-37.50000000000001
12,VEDL,23-Apr-2020,30-Apr-2020,CE,60,17.8,18.15,17.7,17.7,17.7,17.7,7,19.08,4.38,161000,-7000,77.6,7,6.960451977401128,-15.653409090909081,8.503226381461676,-0.5617977528089967,0.8185659966169981,-19.999999999999996
13,VEDL,24-Apr-2020,30-Apr-2020,CE,60,19.3,19.3,19.3,19.3,19.3,18.0,1,2.78,0.68,161000,0,77.95,6,5.580310880829016,-24.732333485461247,7.963377040595385,0.0,0.7007467877487064,-33.33333333333333
14,VEDL,27-Apr-2020,30-Apr-2020,CE,60,18.9,19.1,18.9,19.1,19.1,18.45,4,11.06,2.66,161000,0,78.45,3,2.897905759162304,-92.56357330412682,6.863587619410048,1.0582010582010732,0.42221443359550065,0.0
15,VEDL,28-Apr-2020,30-Apr-2020,CE,60,17.1,17.1,17.1,17.1,17.1,16.85,1,2.7,0.6,157500,-3500,76.85,2,1.9707602339181278,-47.045069678562065,5.14622287246415,0.0,0.382952756372651,-50.0
16,VEDL,29-Apr-2020,30-Apr-2020,CE,60,0.0,0.0,0.0,17.1,17.1,19.15,0,0.0,0.0,157500,0,79.15,1,1.1198830409356728,-75.97911227154034,3.4829922913031495,inf,0.321529003590379,0.0
17,VEDL,30-Apr-2020,30-Apr-2020,CE,60,23.9,29.5,23.9,29.5,29.5,89.55,7,20.91,6.21,140000,-17500,-,0,0.0,-inf,1.9961830113387016,23.430962343096244,0.0,
0,VEDL,04-May-2020,28-May-2020,CE,70,14.1,14.1,12.6,12.95,13.1,12.95,17,49.62,7.97,59500,7000,79.95,24,18.440154440154444,,,-8.156028368794328,,22.448979591836725
1,VEDL,05-May-2020,28-May-2020,CE,70,13.5,14.2,12.4,12.45,12.4,12.45,26,75.87,12.17,70000,10500,78.9,23,16.4417670682731,-12.154334528540646,,-7.777777777777784,,-13.33333333333333
2,VEDL,06-May-2020,28-May-2020,CE,70,13.65,13.65,12.35,12.4,12.4,12.4,8,23.2,3.6,70000,0,79.45,22,16.766129032258068,1.9346264326183649,,-9.157509157509157,,-7.142857142857134
3,VEDL,07-May-2020,28-May-2020,CE,70,12.35,12.35,11.2,11.35,11.45,11.35,9,25.72,3.67,77000,7000,78.55,21,15.81938325991189,-5.984719864176622,17.216016846895204,-8.097165991902834,0.91887591657212,27.499999999999993
4,VEDL,08-May-2020,28-May-2020,CE,70,12.3,12.3,9.85,9.9,9.95,9.9,18,51.07,6.97,112000,35000,77.4,20,14.949494949494962,-5.818847481842955,16.34242645348102,-19.51219512195122,0.9147659309986151,-14.634146341463408
5,VEDL,11-May-2020,28-May-2020,CE,70,10.95,12.0,10.5,11.7,12.0,11.7,11,31.28,4.33,98000,-14000,79.6,17,13.94871794871794,-7.174688057041156,15.845002413888304,6.849315068493151,0.8803228667539835,-48.387096774193544
6,VEDL,12-May-2020,28-May-2020,CE,70,13.45,20.3,12.75,19.95,19.6,19.95,21,63.23,11.78,73500,-24500,89.05,16,15.278195488721803,8.701796890773315,14.905865386041597,48.3271375464684,1.0249787646028836,39.99999999999999
7,VEDL,13-May-2020,28-May-2020,CE,70,30.0,30.4,20.15,21.0,20.95,21.0,28,91.53,22.93,66500,-7000,90.25,15,14.464285714285715,-5.627030539311222,14.725469462311567,-30.0,0.9822631292880457,-28.571428571428566
8,VEDL,14-May-2020,28-May-2020,CE,70,19.5,20.5,19.5,20.2,20.2,19.75,3,9.46,2.11,70000,3500,89.15,14,13.272277227722777,-8.98119038738208,14.563733050575152,3.589743589743586,0.9113238468208964,-25.000000000000007
9,VEDL,15-May-2020,28-May-2020,CE,70,18.7,19.45,18.7,19.45,19.45,23.3,2,6.24,1.34,73500,3500,92.95,13,15.339331619537278,13.475517989204642,14.338252810243432,4.010695187165775,1.0698187444831955,100.0
10,VEDL,18-May-2020,28-May-2020,CE,70,24.0,24.65,24.0,24.65,24.65,22.7,3,9.89,2.54,63000,-10500,92.5,10,9.127789046653144,-68.05089974293064,14.358631520515255,2.7083333333333277,0.63570048674984,0.0
11,VEDL,19-May-2020,28-May-2020,CE,70,22.3,22.3,22.3,22.3,22.3,20.2,1,3.23,0.78,66500,3500,90.0,9,8.071748878923767,-13.08316430020283,12.579799297971066,0.0,0.6416436930138957,33.33333333333335
12,VEDL,20-May-2020,28-May-2020,CE,70,0.0,0.0,0.0,22.3,22.3,18.7,0,0.0,0.0,66500,0,88.55,8,6.654708520179371,-21.29380053908358,10.846289848371397,inf,0.6135469928621349,0.0
13,VEDL,21-May-2020,28-May-2020,CE,70,21.4,21.4,21.4,21.4,21.4,20.3,1,3.2,0.75,63000,-3500,90.2,7,6.60747663551402,-0.7148248457132295,7.951415481918761,0.0,0.8309811819718376,0.0
14,VEDL,22-May-2020,28-May-2020,CE,70,0.0,0.0,0.0,21.4,21.4,19.15,0,0.0,0.0,63000,0,89.1,6,5.355140186915887,-23.385689354275794,7.111311344872386,inf,0.7530453846289844,100.0
15,VEDL,26-May-2020,28-May-2020,CE,70,0.0,0.0,0.0,21.4,21.4,17.9,0,0.0,0.0,63000,0,87.9,2,1.672897196261683,-220.1117318435752,6.205775114203092,inf,0.26957103109214203,0.0
16,VEDL,27-May-2020,28-May-2020,CE,70,0.0,0.0,0.0,21.4,21.4,17.9,0,0.0,0.0,63000,0,87.9,1,0.8364485981308415,-100.0,4.545171339563864,inf,0.18403015764222075,0.0
17,VEDL,28-May-2020,28-May-2020,CE,70,0.0,0.0,0.0,21.4,21.4,89.95,0,0.0,0.0,63000,0,89.95,0,0.0,-inf,2.6214953271028034,inf,0.0,
0,VEDL,01-Jun-2020,25-Jun-2020,CE,90,5.9,8.55,5.9,6.65,6.8,6.65,472,1605.32,118.52,1589000,-612500,93.65,24,13.172932330827088,,,12.711864406779661,,-30.357142857142854
1,VEDL,02-Jun-2020,25-Jun-2020,CE,90,7.0,9.3,6.85,8.9,8.75,8.9,330,1133.15,93.65,1277500,-311500,96.9,23,17.831460674157317,26.12533223417707,,27.142857142857146,,2.85714285714286
2,VEDL,03-Jun-2020,25-Jun-2020,CE,90,9.4,13.4,8.0,8.4,8.85,8.4,341,1205.16,131.01,794500,-483000,-,22,17.547619047619055,-1.617550653270963,,-10.638297872340425,,-35.29411764705881
3,VEDL,04-Jun-2020,25-Jun-2020,CE,90,10.6,15.85,9.85,15.2,14.7,15.2,175,630.09,78.84,693000,-101500,104.4,21,19.89473684210527,11.797682035777273,16.184004017534487,43.39622641509433,1.2292839782139455,-27.272727272727277
4,VEDL,05-Jun-2020,25-Jun-2020,CE,90,14.5,17.0,14.0,16.3,16.7,16.3,68,251.03,36.83,619500,-73500,-,20,18.77300613496932,-5.975232198142476,18.42460552129388,12.413793103448281,1.0189095290682226,-16.666666666666664
5,VEDL,08-Jun-2020,25-Jun-2020,CE,90,16.7,21.65,14.5,16.15,15.4,16.15,128,482.76,79.56,595000,-24500,-,17,15.894736842105258,-18.108316743184506,18.738454008231216,-3.293413173652699,0.848241633761419,4.761904761904765
6,VEDL,09-Jun-2020,25-Jun-2020,CE,90,16.6,18.6,15.0,15.0,15.0,15.0,45,168.16,26.41,532000,-63000,-,16,15.573333333333327,-2.063806777217026,18.187493273059953,-9.638554216867478,0.8562660669901758,-31.818181818181824
7,VEDL,10-Jun-2020,25-Jun-2020,CE,90,15.5,18.6,15.5,16.65,16.6,16.65,47,176.97,28.92,441000,-91000,-,15,14.504504504504501,-7.368944099378863,16.747025436802634,7.419354838709669,0.8660943735494632,31.25
8,VEDL,11-Jun-2020,25-Jun-2020,CE,90,16.05,16.6,12.05,12.4,13.0,12.4,19,69.18,9.33,441000,0,-,14,12.4758064516129,-16.261057437528027,15.32419155998103,-22.741433021806856,0.8141249346029674,-43.333333333333336
9,VEDL,12-Jun-2020,25-Jun-2020,CE,90,10.7,14.35,10.2,13.75,13.2,13.75,26,92.4,10.5,444500,3500,-,13,12.574545454545452,0.7852292020373578,14.184548096483576,28.504672897196272,0.886496021516734,-12.50000000000001
10,VEDL,15-Jun-2020,25-Jun-2020,CE,90,14.65,14.65,12.85,13.15,13.15,13.15,11,39.84,5.19,455000,10500,-,10,9.42965779467681,-33.3510263929618,13.184952136887619,-10.238907849829351,0.715183316312192,39.99999999999999
11,VEDL,16-Jun-2020,25-Jun-2020,CE,90,15.4,16.0,12.5,14.5,14.5,14.5,16,58.69,8.29,444500,-10500,-,9,8.596551724137928,-9.691165682161088,11.493336566945056,-5.844155844155846,0.7479596263509495,7.692307692307682
12,VEDL,17-Jun-2020,25-Jun-2020,CE,90,13.6,14.45,13.0,13.0,13.0,12.4,8,29.02,3.82,430500,-14000,-,8,7.446153846153843,-15.449558278711898,10.20025165778673,-4.411764705882351,0.7299970722261105,-64.28571428571428
13,VEDL,18-Jun-2020,25-Jun-2020,CE,90,16.0,17.7,15.5,17.25,17.25,17.25,12,44.78,6.98,420000,-10500,-,7,6.898550724637682,-7.937944408532588,8.49078778832286,7.8125,0.812474754595217,0.0
14,VEDL,19-Jun-2020,25-Jun-2020,CE,90,19.05,19.05,16.1,16.1,16.1,15.35,6,22.57,3.67,406000,-14000,-,6,5.683229813664596,-21.38433515482697,7.647085431643151,-15.485564304461938,0.743189005074764,-33.33333333333333
15,VEDL,22-Jun-2020,25-Jun-2020,CE,90,15.5,21.5,15.5,20.5,20.5,20.1,35,133.86,23.61,336000,-70000,-,3,2.934146341463414,-93.69278666687322,6.67597812815204,32.25806451612903,0.43950808183303736,-50.0
16,VEDL,23-Jun-2020,25-Jun-2020,CE,90,20.2,20.2,20.05,20.05,20.05,20.0,2,7.71,1.41,332500,-3500,-,2,1.99501246882793,-47.07408536585364,5.171975626588564,-0.7425742574257356,0.385735087105165,0.0
17,VEDL,24-Jun-2020,25-Jun-2020,CE,90,21.2,23.0,18.4,18.4,18.4,19.45,20,77.29,14.29,294000,-38500,109.45,1,1.0570652173913047,-88.73125669117687,3.5374628746519803,-13.207547169811324,0.29882015864132566,0.0
18,VEDL,25-Jun-2020,25-Jun-2020,CE,90,19.15,21.2,18.85,21.1,21.0,111.25,11,42.29,7.64,273000,-21000,111.25,0,0.0,-inf,1.9954080092275497,10.182767624020904,0.0,
0,VEDL,01-Jul-2020,30-Jul-2020,CE,100,11.3,12.1,10.8,11.25,11.25,11.25,21,144.8,14.6,731600,6200,-,29,19.848888888888897,,,-0.44247787610620093,,-1.6666666666666607
1,VEDL,02-Jul-2020,30-Jul-2020,CE,100,11.0,11.0,9.6,9.7,9.7,10.25,17,116.14,10.74,812200,80600,106.4,28,18.47422680412373,-7.440972222222153,,-11.818181818181825,,-3.2258064516129057
2,VEDL,03-Jul-2020,30-Jul-2020,CE,100,9.2,10.5,7.65,9.85,9.45,9.85,114,771.13,64.33,1271000,458800,106.45,27,17.68020304568529,-4.491033029353229,,7.065217391304353,,-32.69230769230769
3,VEDL,06-Jul-2020,30-Jul-2020,CE,100,9.25,12.9,9.25,12.3,12.0,12.3,28,193.94,20.34,1277200,6200,-,24,20.0,11.598984771573555,18.667772912899306,32.97297297297298,1.0713650789152322,22.85714285714285
4,VEDL,07-Jul-2020,30-Jul-2020,CE,100,11.5,11.5,9.55,9.65,9.75,9.65,18,123.37,11.77,1277200,0,107.6,23,18.113989637305686,-10.411899313501229,18.718143283269672,-16.086956521739125,0.9677236338657595,-14.634146341463408
5,VEDL,08-Jul-2020,30-Jul-2020,CE,100,10.65,15.0,10.55,12.85,12.85,12.55,67,468.6,53.2,1072600,-204600,-,22,17.805447470817132,-1.7328526395882484,18.59806422766366,20.657276995305157,0.957381760427112,-12.90322580645161
6,VEDL,09-Jul-2020,30-Jul-2020,CE,100,13.6,15.3,13.5,14.05,14.25,14.05,73,519.3,66.7,799800,-272800,-,21,17.935943060498218,0.7275646964362137,18.639812369374273,3.3088235294117725,0.9622383908739054,29.166666666666675
7,VEDL,10-Jul-2020,30-Jul-2020,CE,100,13.0,13.0,11.5,12.2,12.2,12.25,16,111.27,12.07,861800,62000,-,20,16.967213114754088,-5.709422868636905,17.951793389540345,-6.153846153846159,0.9451542108678721,-11.538461538461549
8,VEDL,13-Jul-2020,30-Jul-2020,CE,100,14.0,15.3,13.3,13.95,13.95,13.95,17,120.5,15.1,806000,-55800,-,17,15.11111111111112,-12.283027965284344,17.569534548689813,-0.3571428571428622,0.8600746405224479,18.51851851851852
9,VEDL,14-Jul-2020,30-Jul-2020,CE,100,12.65,12.75,10.5,11.0,11.35,11.0,28,193.31,19.71,868000,62000,-,16,12.945454545454554,-16.729088639200985,16.67142242878781,-13.043478260869568,0.7765057001435376,10.344827586206906
10,VEDL,15-Jul-2020,30-Jul-2020,CE,100,11.8,12.25,10.7,11.1,10.9,11.1,32,220.82,22.42,880400,12400,-,15,12.29729729729729,-5.27072927072941,15.007926257106588,-5.932203389830517,0.8193868417679787,-28.57142857142857
11,VEDL,16-Jul-2020,30-Jul-2020,CE,100,9.0,11.95,8.45,10.3,10.5,10.3,82,558.76,50.36,874200,-6200,-,14,12.097087378640783,-1.6550258123290658,13.451287651287656,14.444444444444452,0.8993256030386624,4.761904761904765
12,VEDL,17-Jul-2020,30-Jul-2020,CE,100,11.35,11.95,9.6,10.25,10.55,10.25,30,205.87,19.87,892800,18600,-,13,11.604878048780495,-4.241400278325299,12.446613073797542,-9.691629955947134,0.9323723634673712,10.000000000000009
13,VEDL,20-Jul-2020,30-Jul-2020,CE,100,11.1,11.1,9.3,9.3,9.3,9.2,6,40.89,3.69,892800,0,-,10,8.709677419354833,-33.241192411924295,11.999754241572857,-16.216216216216207,0.7258213163383269,-25.0
14,VEDL,21-Jul-2020,30-Jul-2020,CE,100,11.45,12.1,9.65,11.55,11.3,11.55,14,96.32,9.52,843200,-49600,-,9,8.415584415584412,-3.4946236559139496,10.80388094892537,0.8733624454148596,0.7789408690607134,-13.33333333333333
15,VEDL,22-Jul-2020,30-Jul-2020,CE,100,12.05,17.8,12.05,13.05,13.05,13.05,33,234.91,30.31,799800,-43400,-,8,7.417624521072793,-13.453901470430413,9.576713294573247,8.29875518672199,0.7745480409522204,-50.0
16,VEDL,23-Jul-2020,30-Jul-2020,CE,100,13.9,14.9,13.65,14.15,13.85,14.15,30,212.18,26.18,824600,24800,113.95,7,6.901060070671379,-7.48529131918075,8.18096211867068,1.7985611510791366,0.8435511582337859,39.99999999999999
17,VEDL,24-Jul-2020,30-Jul-2020,CE,100,13.75,13.95,10.5,12.2,12.7,12.2,62,430.5,46.1,899000,74400,-,6,5.9262295081967205,-16.449423045907107,7.578089669109528,-11.272727272727277,0.7820215604407184,14.285714285714299
18,VEDL,27-Jul-2020,30-Jul-2020,CE,100,11.3,11.5,9.95,10.3,10.7,10.3,35,239.73,22.73,756400,-142600,-,3,2.8689320388349495,-106.56569859365909,6.748304699980298,-8.849557522123893,0.42513374341904353,-50.0
19,VEDL,28-Jul-2020,30-Jul-2020,CE,100,11.6,11.6,10.3,11.05,11.05,11.05,15,102.83,9.83,682000,-74400,-,2,1.9638009049773744,-46.09077893606549,5.232073872567683,-4.7413793103448185,0.3753389101162716,49.999999999999986
20,VEDL,29-Jul-2020,30-Jul-2020,CE,100,11.15,13.15,10.1,10.15,10.1,10.15,55,381.78,40.78,545600,-136400,110,1,0.9852216748768473,-99.32579185520349,3.586320817336348,-8.968609865470851,0.27471654797704254,-50.0
21,VEDL,30-Jul-2020,30-Jul-2020,CE,100,10.0,12.6,10.0,11.1,12.6,110.9,23,158.52,15.92,465000,-80600,-,0,0.0,-inf,1.9393182062297238,10.999999999999996,0.0,
0,VEDL,03-Aug-2020,27-Aug-2020,CE,110,8.0,10.6,8.0,8.8,8.65,8.8,305,2255.38,175.28,2864400,24800,-,24,14.454545454545444,,,10.000000000000009,,-30.909090909090914
1,VEDL,04-Aug-2020,27-Aug-2020,CE,110,8.85,12.1,8.7,11.45,11.55,11.45,113,844.76,74.1,2864400,0,-,23,18.17903930131004,20.487847487607322,,29.378531073446325,,-9.375000000000009
2,VEDL,05-Aug-2020,27-Aug-2020,CE,110,12.65,15.0,12.05,14.05,14.3,14.05,181,1382.53,148.11,2442800,-421600,121.95,22,18.711743772241995,2.846899131454526,,11.067193675889332,,7.1428571428571495
3,VEDL,06-Aug-2020,27-Aug-2020,CE,110,14.2,16.65,12.6,15.8,16.5,15.8,96,742.6,87.88,2498600,55800,-,21,16.946202531645568,-10.418506667198338,17.115109509365826,11.267605633802827,0.9901311190776881,13.636363636363628
4,VEDL,07-Aug-2020,27-Aug-2020,CE,110,16.4,17.8,14.4,14.65,14.85,14.65,113,882.85,112.19,2263000,-235600,-,20,17.474402730375424,3.022708168512651,17.945661868399203,-10.670731707317064,0.9737396624610638,13.636363636363628
5,VEDL,10-Aug-2020,27-Aug-2020,CE,110,14.55,17.0,14.2,17.0,17.0,17.0,10,77.33,9.13,2201000,-62000,-,17,15.200000000000003,-14.96317585773303,17.710783011420997,16.838487972508585,0.858234217549733,0.0
6,VEDL,11-Aug-2020,27-Aug-2020,CE,110,18.0,18.0,16.3,16.35,16.3,16.35,4,31.48,4.2,2176200,-24800,-,16,15.266055045871553,0.4326923076922483,16.540201754006997,-9.166666666666659,0.9229666767621639,inf
7,VEDL,12-Aug-2020,27-Aug-2020,CE,110,0.0,0.0,0.0,16.35,16.3,14.45,0,0.0,0.0,2176200,0,-,15,12.29357798165138,-24.179104477611855,15.980152592082327,inf,0.7693029156519111,24.999999999999993
8,VEDL,13-Aug-2020,27-Aug-2020,CE,110,16.5,16.5,16.5,16.5,16.5,15.3,2,15.69,2.05,2163800,-12400,-,14,12.260606060606063,-0.2689257030389121,14.253211009174313,0.0,0.8601995755703274,60.0
9,VEDL,14-Aug-2020,27-Aug-2020,CE,110,0.0,0.0,0.0,16.5,16.5,13.6,0,0.0,0.0,2163800,0,-,13,9.966666666666672,-23.01611432046211,13.273413029376334,inf,0.750874446881803,-72.72727272727273
10,VEDL,17-Aug-2020,27-Aug-2020,CE,110,15.85,18.75,15.85,18.75,18.75,18.75,9,71.03,9.65,2108000,-55800,-,10,9.573333333333334,-4.108635097493084,11.506950236308038,18.296529968454262,0.8319609572244837,14.285714285714299
11,VEDL,18-Aug-2020,27-Aug-2020,CE,110,19.45,19.75,14.75,14.75,14.75,17.1,4,31.77,4.49,2083200,-24800,126.8,9,10.250847457627117,6.609347442680752,10.600202020202024,-24.16452442159383,0.967042650516556,-9.090909090909099
12,VEDL,19-Aug-2020,27-Aug-2020,CE,110,19.5,19.9,19.5,19.9,19.9,19.2,2,16.08,2.44,2070800,-12400,-,8,7.658291457286437,-33.85292940077394,9.930282485875708,2.051282051282044,0.7712058008600635,11.111111111111107
13,VEDL,20-Aug-2020,27-Aug-2020,CE,110,20.0,20.4,20.0,20.0,20.0,19.1,5,40.32,6.22,2039800,-31000,128.95,7,6.632499999999996,-15.466135805298789,9.160824082748963,0.0,0.7240069168547691,16.666666666666664
14,VEDL,21-Aug-2020,27-Aug-2020,CE,110,21.2,21.65,21.05,21.3,21.4,21.3,8,65.14,10.58,1990200,-49600,-,6,5.830985915492954,-13.745772946859896,8.180546304971182,0.4716981132075539,0.7127868602063362,-83.33333333333334
15,VEDL,24-Aug-2020,27-Aug-2020,CE,110,20.25,20.25,17.75,19.05,18.8,19.05,344,2751.36,405.28,874200,-1116000,-,3,2.9606299212598444,-96.95085406053317,6.707259124259796,-5.925925925925923,0.4414068200453752,0.0
16,VEDL,25-Aug-2020,27-Aug-2020,CE,110,0.0,0.0,0.0,19.05,18.8,20.1,0,0.0,0.0,874200,0,-,2,2.104986876640421,-40.6483790523691,5.141371945584265,inf,0.40942123987903983,0.0
17,VEDL,26-Aug-2020,27-Aug-2020,CE,110,18.5,19.2,18.4,19.0,19.0,19.0,15,119.65,17.35,781200,-93000,128.95,1,0.997368421052631,-111.05409317239061,3.6322009044644066,2.7027027027027026,0.2745906537897578,0.0
18,VEDL,27-Aug-2020,27-Aug-2020,CE,110,18.3,18.4,16.3,18.4,18.4,127.85,28,220.86,29.9,725400,-55800,127.85,0,0.0,-inf,2.0209950729842987,0.5464480874316823,0.0,
0,VEDL,01-Sep-2020,24-Sep-2020,CE,130,6.3,8.8,6.25,8.4,8.75,8.4,606,5165.46,281.1,2622600,-235600,-,23,5.476190476190476,,,33.33333333333334,,9.090909090909092
1,VEDL,02-Sep-2020,24-Sep-2020,CE,130,9.1,9.2,7.0,7.8,7.9,7.8,287,2450.98,137.76,2945000,322400,131.1,22,3.1025641025640867,-76.50531286895014,,-14.285714285714285,,-15.243902439024382
2,VEDL,03-Sep-2020,24-Sep-2020,CE,130,6.15,7.6,5.6,6.1,6.0,6.1,655,5538.2,258.9,3459600,514600,-,21,-5.163934426229509,160.08140008139978,,-0.8130081300813123,,-9.195402298850563
3,VEDL,04-Sep-2020,24-Sep-2020,CE,130,4.75,6.15,4.35,4.55,4.6,4.55,438,3675.96,145.68,3961800,502200,125.95,20,-17.80219780219779,70.99271402550087,1.138273384175018,-4.210526315789478,-15.639650412365757,-6.622516556291391
4,VEDL,07-Sep-2020,24-Sep-2020,CE,130,5.0,6.15,4.55,5.6,5.65,5.6,629,5273.3,203.56,4464000,502200,-,17,-6.374999999999983,-179.25016160310332,-6.621189375287737,11.999999999999993,0.962817952888252,17.857142857142858
5,VEDL,08-Sep-2020,24-Sep-2020,CE,130,5.45,5.5,3.75,3.95,3.8,3.95,513,4277.06,142.28,5034400,570400,-,16,-18.025316455696213,64.63307584269675,-9.78037740947576,-27.522935779816514,1.8430082706452933,-31.413612565445032
6,VEDL,09-Sep-2020,24-Sep-2020,CE,130,3.0,6.8,2.9,5.2,5.5,5.2,2004,16714.36,562.12,6801400,1767000,-,15,-5.91346153846153,-204.81835957600146,-14.067504752631327,73.33333333333334,0.4203632159680214,-14.912280701754394
7,VEDL,10-Sep-2020,24-Sep-2020,CE,130,6.15,6.25,5.0,5.95,6.0,5.95,1610,13541.07,564.47,6379800,-421600,-,14,1.058823529411738,658.493589743603,-10.104592664719242,-3.252032520325206,-0.10478636443294548,-16.32653061224491
8,VEDL,11-Sep-2020,24-Sep-2020,CE,130,5.95,7.0,4.15,6.55,6.3,6.55,1760,14816.2,630.6,7037000,657200,-,13,3.770992366412225,71.92188616337302,-7.626651488248669,10.08403361344537,-0.49444928383349657,15.294117647058833
9,VEDL,14-Sep-2020,24-Sep-2020,CE,130,5.4,5.95,4.25,4.75,4.7,4.75,69,577.41,21.27,6609200,-427800,-,10,-0.7368421052631459,611.7775354416675,-0.3612152142125223,-12.037037037037043,2.0398977569909946,-22.22222222222222
10,VEDL,15-Sep-2020,24-Sep-2020,CE,130,4.55,5.3,3.95,5.0,5.3,5.0,88,734.6,25.32,6063600,-545600,-,9,2.7900000000000205,126.41011129975415,1.3643245968536057,9.890109890109894,2.0449678957883597,-5.660377358490563
11,VEDL,16-Sep-2020,24-Sep-2020,CE,130,5.3,7.2,5.3,6.95,6.5,6.95,176,1487.7,69.14,4972400,-1091200,-,8,4.949640287769797,43.63226744186019,1.9413834203830334,31.132075471698123,2.5495428856568876,33.33333333333333
12,VEDL,17-Sep-2020,24-Sep-2020,CE,130,6.0,6.7,5.05,6.4,6.4,6.4,26,219.36,9.8,4811200,-161200,-,7,4.703125000000012,-5.241521068859191,2.334266060835557,6.666666666666672,2.014819595293484,43.33333333333333
13,VEDL,18-Sep-2020,24-Sep-2020,CE,130,6.0,6.35,3.1,3.9,3.45,3.9,37,310.64,12.42,4581800,-229400,130.95,6,1.461538461538444,-221.7927631578995,4.1475884292566105,-35.0,0.35238271262136817,172.72727272727272
14,VEDL,21-Sep-2020,24-Sep-2020,CE,130,3.4,4.0,1.2,1.55,1.6,1.55,54,444.5,9.26,4247000,-334800,-,3,-2.0322580645161508,171.91697191697028,3.7047679164360843,-54.41176470588235,-0.5485520578765819,-5.000000000000004
15,VEDL,22-Sep-2020,24-Sep-2020,CE,130,1.0,2.1,0.9,1.15,1.1,1.15,19,154.67,1.53,4129200,-117800,-,2,-4.956521739130426,58.998302207130216,1.3774684656741016,14.999999999999991,-3.5982832730075,-5.000000000000004
16,VEDL,23-Sep-2020,24-Sep-2020,CE,130,1.5,1.85,0.7,1.75,1.85,1.75,39,317.22,2.88,3906000,-223200,130,1,0.0,inf,-1.8424137807027108,16.666666666666664,-0.0,-93.93939393939394
17,VEDL,24-Sep-2020,24-Sep-2020,CE,130,0.9,4.4,0.1,1.6,0.1,131.75,1125,9245.41,177.91,979600,-2926400,-,0,0.0,,-2.329593267882192,77.77777777777779,-0.0,
0,VEDL,01-Oct-2020,29-Oct-2020,CE,130,0.0,0.0,0.0,15.2,14.5,11.95,0,0.0,0.0,1395000,0,-,28,13.723684210526296,,,inf,,-4.580152671755722
1,VEDL,05-Oct-2020,29-Oct-2020,CE,130,13.0,14.5,13.0,14.5,14.5,14.5,2,17.83,1.71,1382600,-12400,137.8,24,12.910344827586226,-6.299904408456729,,11.538461538461538,,1.5037593984962352
2,VEDL,06-Oct-2020,29-Oct-2020,CE,130,14.5,14.5,14.5,14.5,14.5,11.55,1,8.96,0.9,1376400,-6200,-,23,12.531034482758631,-3.026967528893843,,0.0,,84.13793103448275
3,VEDL,07-Oct-2020,29-Oct-2020,CE,130,7.0,9.0,7.0,9.0,9.0,3.65,2,17.11,0.99,1370200,-6200,-,22,-16.255555555555567,177.08770358498128,13.055021173623716,28.57142857142857,-1.2451573489898424,43.571428571428584
4,VEDL,08-Oct-2020,29-Oct-2020,CE,130,7.05,12.1,5.8,8.35,8.1,8.35,2563,22112.02,1454.24,6255800,4885600,-,21,-30.431137724550887,46.58249158249153,3.06194125159643,18.439716312056735,-9.938511298570718,-8.354430379746828
5,VEDL,09-Oct-2020,29-Oct-2020,CE,130,8.1,13.0,4.7,9.05,9.0,9.05,460,3964.39,256.79,3403800,-2852000,-,20,-18.01104972375692,-68.95815730502167,-11.385219599115942,11.728395061728408,1.5819677053181715,0.3030303030303073
6,VEDL,12-Oct-2020,29-Oct-2020,CE,130,2.2,2.5,1.0,1.1,1.0,1.1,227,1849.82,20.2,2734200,-669600,-,17,-510.7727272727272,96.47376440399883,-21.565914334621123,-50.0,23.68426023341619,-5.047318611987375
7,VEDL,13-Oct-2020,29-Oct-2020,CE,130,1.4,1.4,0.4,0.5,0.4,0.5,1186,9614.46,55.3,3199200,465000,-,16,-971.1999999999998,47.40807997603714,-186.40497157367835,-64.28571428571428,5.210161466193104,4.817275747508303
8,VEDL,14-Oct-2020,29-Oct-2020,CE,130,0.5,0.5,0.25,0.3,0.3,0.3,197,1591.87,4.05,2876800,-322400,98.45,15,-1577.4999999999998,38.43423137876387,-499.99459233216135,-40.0,3.1550341227531105,13.539967373572589
9,VEDL,15-Oct-2020,29-Oct-2020,CE,130,0.3,0.35,0.2,0.25,0.3,0.25,118,953.08,2.0,2895400,18600,-,14,-1962.7999999999997,19.630120236396984,-1019.8242424242422,-16.666666666666664,1.924645363728747,0.29239766081869684
10,VEDL,16-Oct-2020,29-Oct-2020,CE,130,0.2,0.25,0.2,0.2,0.2,0.2,44,355.24,0.6,2808600,-86800,-,13,-2281.4999999999995,13.96888012272627,-1503.833333333333,0.0,1.5171229081236839,-0.7575757575757576
11,VEDL,19-Oct-2020,29-Oct-2020,CE,130,0.2,0.25,0.15,0.25,0.25,0.25,71,573.19,0.93,2734200,-74400,-,10,-1330.0,-71.54135338345861,-1940.5999999999997,24.999999999999993,0.6853550448314956,0.0
12,VEDL,20-Oct-2020,29-Oct-2020,CE,130,0.2,0.3,0.2,0.25,0.3,0.25,62,500.58,0.86,2647400,-86800,99.25,9,-1107.0,-20.14453477868112,-1858.0999999999997,24.999999999999993,0.5957698724503526,-0.6849315068493127
13,VEDL,21-Oct-2020,29-Oct-2020,CE,130,0.4,0.4,0.25,0.3,0.3,0.3,84,678.58,1.54,2560600,-86800,-,8,-768.0,-44.140625,-1572.8333333333333,-25.000000000000007,0.48829077037194024,-0.9615384615384616
14,VEDL,22-Oct-2020,29-Oct-2020,CE,130,0.35,0.45,0.2,0.3,0.25,0.3,239,1931.65,5.31,2368400,-192200,-,7,-596.1666666666666,-28.82303606374057,-1068.3333333333333,-14.285714285714283,0.5580343213728549,3.8775510204081605
15,VEDL,23-Oct-2020,29-Oct-2020,CE,130,0.25,0.35,0.2,0.25,0.3,0.25,81,654.23,1.37,2461400,93000,-,6,-606.0,1.622662266226629,-823.7222222222222,0.0,0.7356848991704323,4.166666666666666
16,VEDL,26-Oct-2020,29-Oct-2020,CE,130,0.05,0.15,0.05,0.1,0.1,0.05,32,258.07,0.15,2263000,-198400,103.85,3,-784.5000000000002,22.75334608030595,-656.7222222222222,100.0,1.1945689873953138,0.7633587786259515
17,VEDL,27-Oct-2020,29-Oct-2020,CE,130,0.05,0.1,0.05,0.1,0.1,0.05,17,137.09,0.07,2157600,-105400,-,2,-550.0,-42.636363636363676,-662.2222222222223,100.0,0.8305369127516777,
0,VEDL,02-Nov-2020,26-Nov-2020,CE,90,7.2,8.0,7.2,7.85,7.7,7.85,9,54.46,4.24,37200,37200,-,24,14.369426751592368,,,9.027777777777771,,6.521739130434799
1,VEDL,03-Nov-2020,26-Nov-2020,CE,90,7.65,7.65,7.65,7.65,7.65,7.65,1,6.05,0.47,37200,0,94.85,23,14.58169934640521,1.455746616152623,,0.0,,56.09756097560978
2,VEDL,04-Nov-2020,26-Nov-2020,CE,90,6.2,6.5,5.45,5.7,5.6,5.7,52,309.1,18.94,173600,136400,-,22,7.719298245614034,-88.89928698752206,,-8.064516129032258,,-20.370370370370377
3,VEDL,05-Nov-2020,26-Nov-2020,CE,90,6.1,7.4,5.3,6.9,7.0,6.9,192,1143.54,72.18,483600,310000,-,21,12.93478260869565,40.32139171458057,12.22347478120387,13.114754098360667,1.0581919495253154,-19.565217391304337
4,VEDL,06-Nov-2020,26-Nov-2020,CE,90,7.65,7.9,6.55,6.75,6.7,6.75,49,295.05,21.63,489800,6200,-,20,14.074074074074074,8.094965675057223,11.745260066904963,-11.764705882352946,1.1982769214051796,-27.999999999999996
5,VEDL,09-Nov-2020,26-Nov-2020,CE,90,7.6,10.3,7.1,10.0,9.9,10.0,79,481.67,40.85,415400,-74400,-,17,14.959999999999994,5.921964745494115,11.576051642794587,31.578947368421055,1.292323191155744,-28.571428571428566
6,VEDL,10-Nov-2020,26-Nov-2020,CE,90,9.15,10.95,8.6,10.35,10.7,10.35,47,291.2,28.94,316200,-99200,-,16,15.072463768115943,0.7461538461538956,13.989618894256573,13.114754098360649,1.0774034576670228,-40.0
7,VEDL,11-Nov-2020,26-Nov-2020,CE,90,11.0,12.85,10.05,12.35,12.45,12.35,39,246.43,28.81,198400,-117800,101.9,15,14.453441295546565,-4.282872569317546,14.702179280730006,12.27272727272727,0.983081556792777,-16.666666666666664
8,VEDL,12-Nov-2020,26-Nov-2020,CE,90,12.25,14.0,12.25,13.8,13.8,14.1,8,51.13,6.49,173600,-24800,-,14,13.644927536231886,-5.925379648721487,14.828635021220833,12.6530612244898,0.920174211362342,-60.0
9,VEDL,13-Nov-2020,26-Nov-2020,CE,90,14.65,17.3,14.65,17.3,17.3,17.8,15,98.53,14.83,148800,-24800,107.5,13,13.15028901734104,-3.761426978818308,14.390277533298132,18.08873720136519,0.9138315078991464,0.0
10,VEDL,14-Nov-2020,26-Nov-2020,CE,90,18.3,18.3,18.3,18.3,18.3,18.3,1,6.71,1.13,142600,-6200,108.05,12,11.836065573770489,-11.103549869501888,13.749552616373165,0.0,0.860832777909874,-66.66666666666666
11,VEDL,17-Nov-2020,26-Nov-2020,CE,90,18.55,18.95,17.2,18.8,18.8,17.5,6,40.33,6.85,130200,-12400,107.35,9,8.305851063829785,-42.5027427389595,12.877094042447803,1.3477088948787062,0.6450097387229244,0.0
12,VEDL,18-Nov-2020,26-Nov-2020,CE,90,19.3,19.3,19.3,19.3,19.3,19.3,2,13.55,2.39,124000,-6200,108.9,8,7.834196891191712,-6.020453394123546,11.097401884980437,0.0,0.7059487411909227,0.0
13,VEDL,19-Nov-2020,26-Nov-2020,CE,90,24.3,24.3,24.0,24.0,24.0,22.2,10,70.75,14.95,74400,-49600,-,7,6.445833333333331,-21.538930438656205,9.325371176263994,-1.2345679012345707,0.6912146671158792,0.0
14,VEDL,20-Nov-2020,26-Nov-2020,CE,90,22.95,22.95,22.95,22.95,22.95,21.1,1,7.0,1.42,68200,-6200,-,6,5.503267973856208,-17.127375296912092,7.528627096118275,0.0,0.7309789558701436,0.0
15,VEDL,23-Nov-2020,26-Nov-2020,CE,90,22.7,22.9,22.6,22.75,22.9,22.75,3,20.97,4.23,68200,0,-,3,3.0395604395604394,-81.05473088247108,6.594432732793751,0.2202643171806199,0.46092826520844965,0.0
16,VEDL,24-Nov-2020,26-Nov-2020,CE,90,24.1,26.1,24.1,26.1,26.1,25.8,2,14.27,3.11,68200,0,-,2,1.9770114942528731,-53.74520828009203,4.996220582249992,8.29875518672199,0.3957014030318389,inf
17,VEDL,25-Nov-2020,26-Nov-2020,CE,90,0.0,0.0,0.0,26.1,26.1,24.05,0,0.0,0.0,68200,0,-,1,0.9214559386973179,-114.55301455301455,3.506613302556507,inf,0.26277660500104977,inf
18,VEDL,26-Nov-2020,26-Nov-2020,CE,90,0.0,0.0,0.0,26.1,26.1,118.8,0,0.0,0.0,68200,0,-,0,0.0,-inf,1.9793426241702103,inf,0.0,
0,VEDL,01-Dec-2020,31-Dec-2020,CE,120,8.35,8.35,6.95,7.8,7.95,7.8,616,4879.8,296.76,5722600,-297600,-,30,5.96153846153845,,,-6.586826347305387,,0.0
1,VEDL,02-Dec-2020,31-Dec-2020,CE,120,8.4,11.25,7.6,9.35,9.05,9.35,963,7719.31,554.59,4526000,-1196600,-,29,12.871657754010712,53.684765587549286,,11.309523809523801,,-18.51851851851852
2,VEDL,03-Dec-2020,31-Dec-2020,CE,120,11.05,11.15,8.25,10.4,10.15,10.4,685,5501.83,405.43,3366600,-1159400,-,28,17.230769230769244,25.298414820473603,,-5.882352941176474,,-23.076923076923077
3,VEDL,04-Dec-2020,31-Dec-2020,CE,120,10.2,12.65,9.45,11.85,11.6,11.85,325,2650.37,232.37,2579200,-787400,-,27,20.392405063291115,15.503987012366732,12.02132181543947,16.176470588235297,1.6963529781808457,-7.499999999999996
4,VEDL,07-Dec-2020,31-Dec-2020,CE,120,12.45,15.8,12.45,14.5,14.45,14.5,193,1606.76,170.84,2349800,-229400,-,24,19.944827586206916,-2.2440779452700124,16.831610682690357,16.46586345381527,1.1849625066909486,-36.66666666666667
5,VEDL,08-Dec-2020,31-Dec-2020,CE,120,15.0,19.6,13.0,17.6,19.6,17.6,216,1811.21,204.17,1835200,-514600,-,23,21.235795454545453,6.079206550570771,19.18933396008909,17.333333333333343,1.1066457803440544,46.15384615384614
6,VEDL,09-Dec-2020,31-Dec-2020,CE,120,19.95,27.0,19.2,25.35,24.5,25.35,101,894.43,142.99,1667800,-167400,143.55,22,20.437869822485215,-3.9041526293624838,20.524342701347827,27.06766917293234,0.9957868137303645,5.263157894736848
7,VEDL,10-Dec-2020,31-Dec-2020,CE,120,24.75,26.3,22.05,25.45,25.45,25.45,21,187.48,31.24,1636800,-31000,-,21,19.886051080550093,-2.77490357286087,20.539497621079192,2.828282828282825,0.9681858557310339,-6.250000000000005
8,VEDL,11-Dec-2020,31-Dec-2020,CE,120,28.35,28.35,25.0,27.65,27.5,27.65,24,219.46,40.9,1562400,-74400,146.5,20,19.168173598553345,-3.7451532787188833,20.51990545252692,-2.469135802469146,0.9341258244536835,25.000000000000007
9,VEDL,14-Dec-2020,31-Dec-2020,CE,120,28.7,29.05,27.5,27.75,27.8,27.75,25,230.03,44.03,1444600,-117800,-,17,16.32612612612613,-17.40797204720344,19.830698167196218,-3.3101045296167224,0.8232754080808248,-23.529411764705877
10,VEDL,15-Dec-2020,31-Dec-2020,CE,120,24.9,28.2,24.9,28.2,28.2,26.2,8,72.6,13.08,1450800,6200,-,16,14.609929078014185,-11.746785620572057,18.460116935076524,13.253012048192774,0.7914320981495787,-36.36363636363637
11,VEDL,16-Dec-2020,31-Dec-2020,CE,120,31.0,31.0,28.4,28.75,28.4,28.75,7,64.97,12.89,1413600,-37200,148,15,14.608695652173914,-0.00844309354947165,16.701409600897886,-7.258064516129033,0.8746983638667561,14.285714285714299
12,VEDL,17-Dec-2020,31-Dec-2020,CE,120,28.2,29.35,27.15,27.8,27.8,27.8,7,64.27,12.19,1382600,-31000,-,14,13.345323741007194,-9.466776045939303,15.181583618771407,-1.4184397163120517,0.8790468818092367,-42.85714285714285
13,VEDL,18-Dec-2020,31-Dec-2020,CE,120,27.35,28.4,24.45,27.75,27.75,27.7,16,145.49,26.45,1320600,-62000,-,13,12.83603603603604,-3.967640037324401,14.187982823731764,1.462522851919556,0.904711839273278,450.0
14,VEDL,21-Dec-2020,31-Dec-2020,CE,120,26.3,26.3,13.35,13.6,13.35,13.6,18,154.15,20.23,1283400,-37200,-,10,10.036764705882357,-27.89017589017588,13.596685143072383,-48.28897338403042,0.7381773278022965,49.999999999999986
15,VEDL,22-Dec-2020,31-Dec-2020,CE,120,18.0,20.5,13.25,20.5,20.5,20.5,41,347.11,42.07,1233800,-49600,-,9,8.385365853658534,-19.693819936351584,12.072708160975196,13.88888888888889,0.6945720663375325,-70.0
16,VEDL,23-Dec-2020,31-Dec-2020,CE,120,20.55,31.1,20.35,30.9,30.7,30.9,53,482.48,88.16,1134600,-99200,-,8,7.883495145631065,-6.366093956506074,10.41938886519231,50.36496350364962,0.7566178062484243,-50.0
17,VEDL,24-Dec-2020,31-Dec-2020,CE,120,38.8,49.2,38.8,43.0,43.0,43.0,147,1484.81,391.13,824600,-310000,-,7,6.975581395348836,-13.015599687326503,8.768541901723985,10.824742268041247,0.7955235287154602,0.0
18,VEDL,28-Dec-2020,31-Dec-2020,CE,120,41.1,44.5,41.0,43.95,44.4,43.95,23,232.46,61.34,750200,-74400,-,3,2.9658703071672345,-135.19509192603104,7.748147464879479,6.934306569343068,0.38278444242456966,0.0
19,VEDL,29-Dec-2020,31-Dec-2020,CE,120,42.6,42.9,40.9,40.9,40.9,40.15,5,50.11,12.91,725400,-24800,-,2,1.9608801955990218,-51.25198948022431,5.941648949382379,-3.9906103286385037,0.3300228963885271,0.0
20,VEDL,30-Dec-2020,31-Dec-2020,CE,120,37.8,42.0,37.8,41.05,41.05,42.05,8,79.39,19.87,713000,-12400,162.05,1,1.0243605359317909,-91.42480863101027,3.9674439660383647,8.597883597883598,0.2581915572596358,0.0
21,VEDL,31-Dec-2020,31-Dec-2020,CE,120,41.5,41.5,40.0,40.85,40.85,161.4,28,279.3,70.98,626200,-86800,161.4,0,0.0,-inf,1.983703679566016,-1.5662650602409605,0.0,
