,Symbol,Date,Expiry,Option Type,Strike Price,Open,High,Low,Close,LTP,Settle Price,No. of contracts,Turnover in Lacs,Premium Turnover in Lacs,Open Int,Change in OI,Underlying Value,Alpha,Alpha-Change,Alpha-Mean,Change,Ratio
0,BANKNIFTY,01-Jan-2018,22-Feb-2018,PE,25000,330.0,360.0,325.0,357.25,359.5,357.25,34,344.69,4.69,7600,720,25318.1,-68.97900629811056,,,8.257575757575758,
1,BANKNIFTY,02-Jan-2018,22-Feb-2018,PE,25000,374.0,423.05,374.0,382.05,380.75,382.05,151,1533.56,23.56,8920,1320,25338.25,-64.43646119617851,-7.049650178805056,,2.1524064171123025,
2,BANKNIFTY,03-Jan-2018,22-Feb-2018,PE,25000,359.15,380.0,340.2,376.85,380.0,376.85,167,1694.16,24.16,13040,4120,25318.6,-65.33939233116625,1.3819092935718191,,4.928302937491312,
3,BANKNIFTY,04-Jan-2018,22-Feb-2018,PE,25000,373.75,373.75,328.3,337.9,328.3,337.9,189,1917.13,27.13,17920,4880,25462.6,-72.9863865048831,10.477288354596418,-66.25161994181845,-9.591973244147162,1.1016543681343802
4,BANKNIFTY,05-Jan-2018,22-Feb-2018,PE,25000,308.5,310.0,266.75,280.3,275.0,280.3,118,1194.03,14.03,19600,1680,25601.85,-88.19015340706386,17.239755590404684,-67.58741334407596,-9.141004862236626,1.304831018729817
5,BANKNIFTY,08-Jan-2018,22-Feb-2018,PE,25000,260.0,260.0,239.0,249.9,249.45,249.9,331,3343.08,33.08,30400,10800,25676.1,-99.04001600640255,10.955029125436825,-75.50531074770441,-3.8846153846153824,1.3116960254271077
6,BANKNIFTY,09-Jan-2018,22-Feb-2018,PE,25000,267.8,275.0,241.75,247.3,241.75,247.3,225,2273.81,23.81,36680,6280,25703.8,-100.09179134654266,1.0508107867693197,-86.73885197278317,-7.65496639283047,1.1539441561660209
7,BANKNIFTY,10-Jan-2018,22-Feb-2018,PE,25000,270.3,285.0,258.0,261.35,258.0,261.35,270,2729.32,29.32,37400,720,25617.3,-94.65716472163764,-5.741379050267204,-95.77398692000303,-3.3111357750647388,0.988338981864687
8,BANKNIFTY,11-Jan-2018,22-Feb-2018,PE,25000,277.35,283.4,232.2,242.15,241.0,242.15,450,4545.88,45.88,45000,7600,25660.9,-102.24179227751392,7.418324138224611,-97.92965735819428,-12.691544979268077,1.0440329828128294
9,BANKNIFTY,12-Jan-2018,22-Feb-2018,PE,25000,231.5,270.0,201.1,218.65,220.15,218.65,890,8980.27,80.27,58080,13080,25749.05,-113.33798307797849,9.790354918200899,-98.9969161152314,-5.550755939524835,1.1448637748074317
10,BANKNIFTY,15-Jan-2018,22-Feb-2018,PE,25000,193.65,199.0,150.15,154.8,155.65,154.8,1658,16692.05,112.05,73320,15240,26069.2,-160.49870801033592,29.383865774994483,-103.41231335904335,-20.061967467079782,1.5520270536168252
11,BANKNIFTY,16-Jan-2018,22-Feb-2018,PE,25000,146.45,166.05,146.45,160.8,158.45,160.8,1022,10284.72,64.72,90400,17080,25974.9,-154.4726368159204,-3.901060614118071,-125.3594944552761,9.798566063502918,1.2322372348991153
12,BANKNIFTY,17-Jan-2018,22-Feb-2018,PE,25000,164.15,182.2,96.95,101.15,97.15,101.15,1928,19379.03,99.03,97120,6720,26289.1,-246.15768660405337,37.24647036336879,-142.76977596807828,-38.37953091684435,1.7241582466242118
13,BANKNIFTY,18-Jan-2018,22-Feb-2018,PE,25000,56.3,91.05,56.25,76.45,70.1,76.45,2302,23081.15,61.15,74760,-22360,26537.4,-326.01111837802483,24.494082340277043,-187.04301047676987,35.7904085257549,1.7429740761070265
14,BANKNIFTY,19-Jan-2018,22-Feb-2018,PE,25000,72.0,88.0,45.25,49.95,45.25,49.95,1723,17272.26,42.26,81320,6560,26909.5,-499.50050050050044,34.73257423138494,-242.2138139326662,-30.624999999999996,2.0622296160175164
15,BANKNIFTY,22-Jan-2018,22-Feb-2018,PE,25000,46.0,59.35,42.6,52.8,52.1,52.8,1681,16844.89,34.89,75400,-5920,27041.2,-472.4848484848485,-5.717781660572819,-357.22310182752625,14.782608695652169,1.3226603936521795
16,BANKNIFTY,23-Jan-2018,22-Feb-2018,PE,25000,48.05,54.35,40.4,44.65,42.55,44.65,850,8516.33,16.33,76320,920,27390.6,-558.9104143337066,15.46322337755838,-432.6654891211246,-7.07596253902185,1.2917841343644576
17,BANKNIFTY,24-Jan-2018,22-Feb-2018,PE,25000,45.7,54.0,31.0,39.8,37.0,39.8,4653,46607.78,77.78,147520,71200,27398.55,-627.140703517588,10.879582333148287,-510.2985877730186,-12.910284463894978,1.2289681346258026
18,BANKNIFTY,25-Jan-2018,22-Feb-2018,PE,25000,38.5,46.35,33.0,36.1,37.0,36.1,2063,20662.42,32.42,166920,19400,27445.65,-691.5207756232687,9.309925945125055,-552.8453221120477,-6.2337662337662305,1.2508395168859094
19,BANKNIFTY,29-Jan-2018,22-Feb-2018,PE,25000,34.1,39.0,27.25,31.15,31.8,31.15,1420,14217.91,17.91,169800,2880,27498.45,-801.5682182985554,13.729017713411631,-625.8572978248544,-8.651026392961885,1.28075237132231
20,BANKNIFTY,30-Jan-2018,22-Feb-2018,PE,25000,34.0,38.95,25.45,27.5,30.0,27.5,1199,12005.05,15.05,179200,9400,27269.05,-908.0909090909091,11.73039942652809,-706.7432324798041,-19.11764705882353,1.2848950896984483
21,BANKNIFTY,31-Jan-2018,22-Feb-2018,PE,25000,30.0,30.0,20.0,23.65,24.6,23.65,2719,27215.47,25.47,174400,-4800,27379.45,-1056.0824524312895,14.013256540687479,-800.3933010042443,-21.16666666666667,1.319454387119726
22,BANKNIFTY,01-Feb-2018,22-Feb-2018,PE,25000,20.75,39.6,13.0,24.75,24.95,24.75,5099,51037.59,47.59,159520,-14880,27220.7,-1009.10101010101,-4.655772004982603,-921.9138599402513,19.27710843373494,1.094571905195578
23,BANKNIFTY,02-Feb-2018,22-Feb-2018,PE,25000,27.75,106.25,27.75,94.2,99.95,94.2,9757,97834.67,264.67,193360,33840,26451.15,-264.3927813163482,-281.66738330635894,-991.0914572077362,239.45945945945945,0.2667693071043499
24,BANKNIFTY,05-Feb-2018,22-Feb-2018,PE,25000,186.35,199.0,94.4,124.95,118.55,124.95,19839,199446.02,1056.02,209200,15840,26098.75,-199.0800320128051,-32.80728290185431,-776.525414616216,-32.94875234773276,0.2563728479011816
25,BANKNIFTY,06-Feb-2018,22-Feb-2018,PE,25000,291.6,594.85,182.5,265.45,261.75,265.45,37858,384287.21,5707.21,229720,20520,25811.3,-93.17969485778866,-113.6517320824479,-490.8579411433878,-8.967764060356664,0.1898302686939098
26,BANKNIFTY,07-Feb-2018,22-Feb-2018,PE,25000,214.35,321.0,178.0,284.45,299.35,284.45,25513,257586.08,2456.08,291480,61760,25670,-86.88890841975743,-7.240033915077691,-185.550836062314,32.70352227665034,0.4682754886136827
27,BANKNIFTY,08-Feb-2018,22-Feb-2018,PE,25000,267.95,279.95,125.1,157.6,148.0,157.6,24232,243978.26,1658.26,383960,92480,25920.65,-157.62944162436548,44.877741414059145,-126.38287843011706,-41.18305654039933,1.2472373123826745
28,BANKNIFTY,09-Feb-2018,22-Feb-2018,PE,25000,330.0,396.55,240.0,293.15,285.0,293.15,40011,404922.45,4812.45,501400,117440,25463.65,-84.28057308545114,-87.02938987439815,-112.56601496730384,-11.166666666666673,0.7487213002070958
29,BANKNIFTY,12-Feb-2018,22-Feb-2018,PE,25000,239.95,267.1,150.0,164.75,162.9,164.75,19959,201140.78,1550.78,505760,4360,-,-150.74506828528072,44.09065978466866,-109.59964104319135,-31.339862471348194,1.3754157116798826
30,BANKNIFTY,14-Feb-2018,22-Feb-2018,PE,25000,130.0,240.0,111.0,196.7,210.4,196.7,36957,371891.66,2321.66,552200,46440,25341.25,-126.09710218607016,-19.546814059882024,-130.88502766503245,51.3076923076923,0.9634188450399706
31,BANKNIFTY,15-Feb-2018,22-Feb-2018,PE,25000,170.0,200.0,87.9,137.9,132.0,137.9,67112,674710.26,3590.26,754280,202080,-,-180.29079042784625,30.059044121538097,-120.37424785226733,-18.882352941176467,1.497752165804709
32,BANKNIFTY,16-Feb-2018,22-Feb-2018,PE,25000,101.0,205.0,69.8,169.35,152.1,169.35,163064,1639416.89,8776.89,762720,8440,-,-146.62326542663126,-22.961925519290702,-152.3776536330657,67.67326732673267,0.9622360098791694
33,BANKNIFTY,19-Feb-2018,22-Feb-2018,PE,25000,170.0,282.0,127.75,158.95,149.0,158.95,155287,1566133.34,13263.34,716720,-46000,-,-156.28216420257942,6.1804229709974425,-151.00371934684924,-6.500000000000007,1.034955727438778
34,BANKNIFTY,20-Feb-2018,22-Feb-2018,PE,25000,144.9,264.15,105.15,229.95,243.75,229.95,194592,1957910.47,11990.47,533000,-183720,-,-107.71928680147859,-45.08280628574886,-161.06540668568564,58.695652173913025,0.6687921945380213
35,BANKNIFTY,21-Feb-2018,22-Feb-2018,PE,25000,180.0,265.0,127.6,142.9,144.9,142.9,90091,907774.94,6864.94,450120,-82880,24936.7,-173.9475157452764,38.073684846859486,-136.87490547689643,-20.611111111111107,1.2708503077259665
36,BANKNIFTY,22-Feb-2018,22-Feb-2018,PE,25000,199.0,235.7,36.95,54.65,44.85,0.0,100022,1005094.82,4874.82,66200,-383920,-,-456.45654162854527,61.891768463944764,-145.9829889164448,-72.53768844221106,3.1267789830622243
0,BANKNIFTY,01-Mar-2018,26-Apr-2018,PE,24000,214.8,314.4,214.8,296.6,314.4,296.6,104,1009.39,10.99,7560,280,-,-79.91706001348618,-471.16283000340263,-246.04111472510007,38.08193668528864,0.3248118108340426
1,BANKNIFTY,05-Mar-2018,26-Apr-2018,PE,24000,268.7,368.7,268.7,320.35,320.0,320.35,236,2299.19,33.59,12960,5400,-,-73.91805837365382,-8.115745694384401,-236.77370579576927,19.22218087085971,0.3121886280624941
2,BANKNIFTY,06-Mar-2018,26-Apr-2018,PE,24000,253.95,475.65,250.0,445.2,475.65,445.2,176,1711.16,21.56,12800,-160,-,-52.908355795148246,-39.709611577897846,-203.43055333856174,75.31010041346721,0.26008067582205746
3,BANKNIFTY,07-Mar-2018,26-Apr-2018,PE,24000,485.0,560.0,464.95,531.5,520.0,531.5,155,1520.63,32.63,15960,3160,24134.1,-44.155221072436504,-19.82355542587422,-68.91449139409609,9.587628865979383,0.640724761645985
4,BANKNIFTY,08-Mar-2018,26-Apr-2018,PE,24000,475.0,580.0,400.0,411.85,418.1,411.85,161,1579.09,33.49,18600,2640,-,-57.273643316741534,22.904815347185036,-56.99387841374619,-13.294736842105259,1.0049086833670873
5,BANKNIFTY,09-Mar-2018,26-Apr-2018,PE,24000,403.0,494.4,399.0,472.05,470.0,472.05,180,1759.4,31.4,20880,2280,-,-49.84207181442644,-14.910237941120414,-51.4457400614421,17.13399503722085,0.9688279681641203
6,BANKNIFTY,12-Mar-2018,26-Apr-2018,PE,24000,410.0,433.0,320.0,328.4,329.2,328.4,232,2263.5,36.3,19600,-1280,-,-72.0816077953715,30.853274033619854,-50.4236454012015,-19.90243902439025,1.429519964727777
7,BANKNIFTY,13-Mar-2018,26-Apr-2018,PE,24000,313.1,332.5,234.0,289.0,305.0,289.0,547,5311.63,60.43,20000,400,24738.65,-82.04498269896193,12.143795483689578,-59.73244097551316,-7.697221335036736,1.3735414350904498
8,BANKNIFTY,14-Mar-2018,26-Apr-2018,PE,24000,312.05,368.0,248.0,254.35,250.65,254.35,820,7977.37,105.37,33640,13640,24851.65,-93.35816787890703,12.11804541260835,-67.98955410291995,-18.490626502163117,1.3731251676924523
9,BANKNIFTY,15-Mar-2018,26-Apr-2018,PE,24000,252.6,258.25,216.85,241.6,247.0,241.6,2188,21217.95,213.15,105840,72200,-,-98.33774834437087,5.063752779884435,-82.49491945774682,-4.3547110055423595,1.1920461161822045
10,BANKNIFTY,16-Mar-2018,26-Apr-2018,PE,24000,260.0,325.0,232.2,310.7,294.15,310.7,2994,29058.52,316.12,169760,63920,-,-76.24493080141616,-28.976113311056157,-91.24696630741327,19.499999999999996,0.835588665430751
11,BANKNIFTY,19-Mar-2018,26-Apr-2018,PE,24000,300.5,427.9,255.45,389.65,387.0,389.65,9576,93366.74,1437.14,383160,213400,-,-60.593737969973056,-25.829719960829912,-89.31361567489802,29.66722129783693,0.6784378564465977
12,BANKNIFTY,20-Mar-2018,26-Apr-2018,PE,24000,418.0,465.8,355.5,430.0,397.0,430.0,6032,58899.32,992.12,451840,68680,-,-54.81395348837209,-10.544367106866414,-78.3921390385867,2.8708133971291865,0.6992276797217027
13,BANKNIFTY,21-Mar-2018,26-Apr-2018,PE,24000,351.3,394.85,304.6,369.15,363.5,369.15,3481,33893.95,476.35,450360,-1480,24255.6,-64.0142218610321,14.372225585484403,-63.884207419920436,5.081127241673773,1.0020351577700113
14,BANKNIFTY,22-Mar-2018,26-Apr-2018,PE,24000,360.0,421.25,325.0,392.4,421.25,392.4,7606,74144.54,1126.94,540800,90440,-,-60.162079510703364,-6.4029408252808215,-59.80730443979241,8.999999999999995,1.0059319689164072
15,BANKNIFTY,23-Mar-2018,26-Apr-2018,PE,24000,639.7,650.0,546.8,604.6,620.0,604.6,3224,31731.38,780.98,532160,-8640,23670.4,-38.69566655640093,-55.47497915047938,-59.663418286702516,-5.486947006409258,0.6485660337202843
16,BANKNIFTY,26-Mar-2018,26-Apr-2018,PE,24000,577.15,589.4,299.8,313.0,305.0,313.0,8278,80820.89,1352.09,629480,97320,-,-75.6773162939297,48.86754915289614,-54.290655976045464,-45.76799792081781,1.3939289355302804
17,BANKNIFTY,27-Mar-2018,26-Apr-2018,PE,24000,281.8,320.15,235.9,284.5,279.85,284.5,15620,151694.69,1742.69,670720,41240,24434.15,-83.3585237258348,9.214663466412258,-58.178354120344665,0.9581263307310107,1.4328099339731022
18,BANKNIFTY,28-Mar-2018,26-Apr-2018,PE,24000,318.0,361.25,276.1,345.85,336.3,345.85,22222,216215.04,2883.84,740080,69360,-,-68.39424606043082,-21.879439466562815,-65.91050219205515,8.757861635220134,1.0376835828247575
19,BANKNIFTY,02-Apr-2018,26-Apr-2018,PE,24000,345.85,423.95,305.0,313.75,318.0,313.75,14445,140821.46,2149.46,841720,101640,-,-75.49402390438247,9.404423657353242,-75.81002869339845,-9.281480410582628,0.9958316228807403
20,BANKNIFTY,03-Apr-2018,26-Apr-2018,PE,24000,347.9,348.0,233.35,240.4,239.9,240.4,11954,116068.91,1310.51,872360,30640,24510.6,-98.83361064891847,23.615029938999196,-75.74893123021603,-30.899683817188837,1.3047525429572533
21,BANKNIFTY,04-Apr-2018,26-Apr-2018,PE,24000,233.6,443.15,196.7,414.75,433.0,414.75,38606,375580.05,4962.45,1047880,175520,24129.5,-56.86618444846293,-73.80032018587436,-80.90729353791058,77.5470890410959,0.7028560956845905
22,BANKNIFTY,05-Apr-2018,26-Apr-2018,PE,24000,299.9,300.25,139.3,155.45,144.0,155.45,34308,332402.71,3045.91,988920,-58960,-,-153.39047925377935,62.92717466878778,-77.06460633392129,-48.166055351783925,1.9904141025406359
23,BANKNIFTY,06-Apr-2018,26-Apr-2018,PE,24000,148.95,183.5,130.1,140.35,150.0,140.35,18396,177752.23,1150.63,1002040,13120,-,-170.00106875667976,9.770873574139067,-103.03009145038692,-5.773749580396103,1.6500137616449853
24,BANKNIFTY,09-Apr-2018,26-Apr-2018,PE,24000,120.0,151.0,87.7,93.35,96.5,93.35,23321,224849.88,968.28,847800,-154240,-,-256.0969469737547,33.61847114323398,-126.75257748630736,-22.20833333333334,2.0204476473184143
25,BANKNIFTY,10-Apr-2018,26-Apr-2018,PE,24000,80.4,84.1,61.15,63.95,61.15,63.95,18629,179367.81,529.41,911920,64120,-,-374.29319781078965,31.578519601305917,-193.16283166140457,-20.460199004975127,1.937708173935288
26,BANKNIFTY,11-Apr-2018,26-Apr-2018,PE,24000,63.0,99.9,57.3,71.05,71.8,71.05,30540,294198.17,1014.17,882920,-29000,25098.25,-336.7902885292048,-11.135389160228936,-266.79707118040807,12.777777777777773,1.262346273289737
27,BANKNIFTY,12-Apr-2018,26-Apr-2018,PE,24000,74.0,88.8,47.3,50.7,52.85,50.7,19388,186621.75,496.95,887600,4680,25195.1,-472.3727810650887,28.702435443078976,-322.3934777712497,-31.48648648648648,1.4652057613902938
28,BANKNIFTY,13-Apr-2018,26-Apr-2018,PE,24000,46.95,62.25,32.2,43.5,42.0,43.5,35385,340280.97,584.97,830360,-57240,25200.6,-550.7241379310345,14.2269698147419,-394.4854224683611,-7.348242811501603,1.3960570063275386
29,BANKNIFTY,16-Apr-2018,26-Apr-2018,PE,24000,51.7,55.0,30.2,31.3,30.75,31.3,17276,166117.9,268.3,848160,17800,25320.85,-765.7731629392971,28.082601404158837,-453.295735841776,-39.458413926499034,1.6893456134486828
30,BANKNIFTY,17-Apr-2018,26-Apr-2018,PE,24000,28.0,31.1,20.05,22.5,22.0,22.5,14432,138693.07,145.87,832520,-15640,25334.45,-1065.6666666666667,28.141398535567998,-596.2900273118067,-19.642857142857142,1.7871616459374688
31,BANKNIFTY,18-Apr-2018,26-Apr-2018,PE,24000,17.95,29.4,15.15,25.65,23.35,25.65,16119,154882.5,140.1,812560,-19960,25102.3,-934.672514619883,-14.014978508280734,-794.0546558456662,42.89693593314763,1.1770883877312692
32,BANKNIFTY,19-Apr-2018,26-Apr-2018,PE,24000,18.95,31.2,15.6,17.45,17.85,17.45,54066,519546.58,512.98,1478000,665440,25126.15,-1374.3581661891117,31.992071818397292,-922.0374480752822,-7.9155672823219,1.4905665372464336
33,BANKNIFTY,20-Apr-2018,26-Apr-2018,PE,24000,16.25,25.0,12.85,15.4,13.05,15.4,51847,498136.1,404.9,1451600,-26400,24943.85,-1557.4415584415583,11.755394047379061,-1124.8991158252204,-5.230769230769228,1.3845166526769175
34,BANKNIFTY,23-Apr-2018,26-Apr-2018,PE,24000,10.0,18.05,6.1,10.1,9.9,10.1,51992,499347.71,224.51,1446440,-5160,24960.65,-2375.2376237623766,34.43007373828263,-1288.8240797501842,0.9999999999999963,1.842949445996365
35,BANKNIFTY,24-Apr-2018,26-Apr-2018,PE,24000,8.15,8.15,2.5,4.35,4.45,4.35,46623,447663.58,82.78,1124440,-322000,25042.1,-5516.241379310346,56.941013628027015,-1769.012449464349,-46.62576687116565,3.118260349711301
36,BANKNIFTY,25-Apr-2018,26-Apr-2018,PE,24000,4.0,5.45,2.05,3.5,3.3,3.5,31543,302855.92,43.12,1142000,17560,24814.4,-6856.142857142857,19.543079917545427,-3149.6401871714274,-12.5,2.1768019360014894
37,BANKNIFTY,26-Apr-2018,26-Apr-2018,PE,24000,0.5,0.5,0.05,0.05,0.05,0.0,18387,176516.33,1.13,999480,-142520,25010.9,-479999.0,98.57163392899926,-4915.873953405193,-90.0,97.64265816203606
0,BANKNIFTY,02-May-2018,28-Jun-2018,PE,25000,330.0,372.95,313.2,358.05,345.6,358.05,149,1510.2,20.2,8680,1760,25568.3,-68.82265046781175,-697343.3514798952,-164123.7947454844,8.500000000000004,0.00041933377530381104
1,BANKNIFTY,03-May-2018,28-Jun-2018,PE,25000,372.6,382.9,309.0,313.3,315.0,313.3,37,375.07,5.07,8680,0,25605.25,-78.79572294924992,12.65687033274831,-162307.98850253687,-15.915190552871714,0.00048547039290070643
2,BANKNIFTY,04-May-2018,28-Jun-2018,PE,25000,325.1,338.0,309.9,310.0,309.9,310.0,22,222.82,2.82,8880,200,25645.4,-79.64516129032258,1.066528496284015,-160048.87279113903,-4.644724700092286,0.0004976302544427046
3,BANKNIFTY,07-May-2018,28-Jun-2018,PE,25000,305.0,307.75,272.5,289.0,278.0,289.0,109,1102.51,12.51,12000,3120,25852.05,-85.50519031141869,6.8534190728694755,-75.75451156912807,-5.245901639344262,1.1287141655370962
4,BANKNIFTY,08-May-2018,28-Jun-2018,PE,25000,241.5,290.0,241.5,250.15,250.0,250.15,146,1474.9,14.9,14280,2280,26090.5,-98.94003597841295,13.578775805100292,-81.31535818366372,3.5817805383022794,1.216744760011277
5,BANKNIFTY,09-May-2018,28-Jun-2018,PE,25000,247.5,249.0,220.0,230.7,230.7,230.7,79,797.41,7.41,14720,440,26154.45,-107.36584308625922,7.847753871849966,-88.03012919338472,-6.7878787878787925,1.2196488187629233
6,BANKNIFTY,10-May-2018,28-Jun-2018,PE,25000,211.0,232.25,203.0,226.85,232.25,226.85,79,796.79,6.79,15400,680,-,-109.2049812651532,1.6841156489267546,-97.27035645869695,7.511848341232224,1.1226953949893659
7,BANKNIFTY,11-May-2018,28-Jun-2018,PE,25000,222.0,222.0,160.0,167.35,161.55,167.35,286,2881.37,21.37,15800,400,26413.15,-148.38751120406334,26.40554425434504,-105.17028677660845,-24.61711711711712,1.4109261822139207
8,BANKNIFTY,14-May-2018,28-Jun-2018,PE,25000,160.0,175.0,134.0,160.75,165.0,160.75,413,4155.25,25.25,20680,4880,26475.15,-154.52099533437013,3.969353237101827,-121.65277851849191,0.46875,1.2701805681395273
9,BANKNIFTY,15-May-2018,28-Jun-2018,PE,25000,160.0,160.0,84.5,138.05,140.0,138.05,690,6930.89,30.89,21000,320,26474,-180.09380659181454,14.199717214821048,-137.37116260119555,-13.718749999999993,1.3110015463336202
10,BANKNIFTY,16-May-2018,28-Jun-2018,PE,25000,149.3,203.0,142.0,190.0,182.55,190.0,680,6848.35,48.35,27880,6880,26182.15,-130.57894736842104,-37.91948106587975,-161.000771043416,27.26054922973877,0.8110454783673594
11,BANKNIFTY,17-May-2018,28-Jun-2018,PE,25000,200.0,260.0,160.8,204.3,229.3,204.3,1124,11324.06,84.06,43280,15400,26073.8,-121.36906510034262,-7.588327602642477,-155.0645830982019,2.1500000000000057,0.7827001025984122
12,BANKNIFTY,18-May-2018,28-Jun-2018,PE,25000,212.1,242.65,194.2,230.25,215.2,230.25,1287,12984.5,114.5,62000,18720,25875.6,-107.57763300760044,-12.819980982262186,-144.0139396868594,8.55728429985856,0.7469945842847906
13,BANKNIFTY,21-May-2018,28-Jun-2018,PE,25000,213.85,251.5,183.0,227.25,226.5,227.25,1203,12139.02,109.02,63800,1800,25750.8,-109.01100110011001,1.3148838906572717,-119.8418818254547,6.266074351180737,0.9096235759955816
14,BANKNIFTY,22-May-2018,28-Jun-2018,PE,25000,210.0,236.1,180.75,196.2,194.0,196.2,861,8680.4,70.4,65280,1480,25777.7,-126.420998980632,13.771444634122258,-112.65256640268437,-6.5714285714285765,1.122220318787336
15,BANKNIFTY,23-May-2018,28-Jun-2018,PE,25000,207.3,255.0,177.9,228.45,254.85,228.45,1533,15453.96,123.96,71240,5960,25684.95,-108.4331363536879,-16.588898220439905,-114.3365443627808,10.202604920405198,0.9483681438686667
16,BANKNIFTY,24-May-2018,28-Jun-2018,PE,25000,210.0,230.0,144.6,154.45,152.5,154.45,4242,42731.47,311.47,99440,28200,26016.8,-160.86468112657818,32.59357144507931,-114.62171214480998,-26.45238095238096,1.403439872921686
17,BANKNIFTY,25-May-2018,28-Jun-2018,PE,25000,148.45,148.45,89.2,95.9,90.1,95.9,7786,78202.93,342.93,182560,83120,26273.55,-259.6882168925964,38.05468609570774,-131.9062721536327,-35.39912428427079,1.968732893839458
18,BANKNIFTY,28-May-2018,28-Jun-2018,PE,25000,84.5,86.2,55.15,63.25,69.05,63.25,3070,30784.14,84.14,202280,19720,26614.25,-394.25691699604744,34.13223568244971,-176.3286781242875,-25.14792899408284,2.235920561476395
19,BANKNIFTY,29-May-2018,28-Jun-2018,PE,25000,69.0,101.05,60.2,96.5,99.7,96.5,3268,32785.75,105.75,221080,18800,26254.8,-258.0673575129534,-52.77287325122403,-271.60327167174063,39.85507246376812,0.950162919336455
20,BANKNIFTY,30-May-2018,28-Jun-2018,PE,25000,138.8,138.8,71.05,90.35,90.0,90.35,11430,114752.17,452.17,296640,75560,26327.8,-275.70171555063644,6.396172763184807,-304.0041638005324,-34.906340057636896,0.9069011164318586
21,BANKNIFTY,31-May-2018,28-Jun-2018,PE,25000,67.8,80.6,45.9,53.1,54.0,53.1,6943,69605.05,175.05,321000,24360,26956.2,-469.8097928436912,41.31631146259137,-309.34199668654577,-21.681415929203535,1.518739123287377
22,BANKNIFTY,01-Jun-2018,28-Jun-2018,PE,25000,50.95,61.25,45.0,55.4,53.8,55.4,5213,52240.73,110.73,348320,27320,26692.8,-450.2635379061372,-4.341069905071607,-334.5262886357603,8.734052993130511,1.3459735548508542
23,BANKNIFTY,04-Jun-2018,28-Jun-2018,PE,25000,41.05,112.0,40.0,103.85,100.0,103.85,8049,80762.22,272.22,370200,21880,-,-239.7318247472316,-87.81967658273405,-398.5916821001549,152.98416565164433,0.6014471337788572
24,BANKNIFTY,05-Jun-2018,28-Jun-2018,PE,25000,111.6,114.25,73.05,76.6,78.0,76.6,10498,105358.6,378.6,384080,13880,-,-325.3707571801567,26.320414647929507,-386.60171849902,-31.36200716845878,0.8416174621349529
25,BANKNIFTY,06-Jun-2018,28-Jun-2018,PE,25000,76.1,81.0,46.95,52.85,60.0,52.85,11954,119845.03,305.03,437720,53640,26367.6,-472.0368968779565,31.070905827033222,-338.45537327784183,-30.551905387647828,1.3946798725823628
26,BANKNIFTY,07-Jun-2018,28-Jun-2018,PE,25000,35.15,42.1,25.75,37.15,38.0,37.15,12345,123605.73,155.73,313280,-124440,-,-671.9475100942126,29.750927001459825,-345.7131596017816,5.689900426742532,1.9436561537553623
27,BANKNIFTY,08-Jun-2018,28-Jun-2018,PE,25000,44.0,60.75,40.5,43.3,44.0,43.3,6516,65290.97,130.97,361360,48080,26451.35,-576.3672055427252,-16.58323090424377,-489.78505471744194,-1.5909090909090973,1.1767758121472953
28,BANKNIFTY,11-Jun-2018,28-Jun-2018,PE,25000,39.45,39.45,25.0,33.4,34.0,33.4,3289,32928.31,38.31,364280,2920,-,-747.502994011976,22.89432816191624,-573.4505375049647,-15.335868187579225,1.303517819103107
29,BANKNIFTY,12-Jun-2018,28-Jun-2018,PE,25000,30.05,34.95,21.15,23.15,22.45,23.15,3509,35127.84,37.84,381200,16920,26607.1,-1078.913606911447,30.71706675830921,-665.2725698829713,-22.961730449251256,1.6217617496257808
30,BANKNIFTY,13-Jun-2018,28-Jun-2018,PE,25000,18.1,23.1,17.0,19.55,19.0,19.55,3652,36549.33,29.33,352480,-28720,26642.8,-1277.772378516624,15.562926147772401,-800.9279354887161,8.011049723756901,1.595364978419617
31,BANKNIFTY,14-Jun-2018,28-Jun-2018,PE,25000,20.0,20.8,12.75,13.8,14.35,13.8,3662,36645.71,25.71,335600,-16880,-,-1810.5942028985507,29.42800896683205,-1034.7296598133491,-30.999999999999993,1.7498234304264138
32,BANKNIFTY,15-Jun-2018,28-Jun-2018,PE,25000,13.15,22.0,10.75,16.15,15.9,16.15,4168,41707.45,27.45,335680,80,-,-1546.9876160990711,-17.039993342945927,-1389.093396108874,22.813688212927744,1.1136671014580375
33,BANKNIFTY,18-Jun-2018,28-Jun-2018,PE,25000,15.9,18.55,12.1,13.6,14.0,13.6,2694,26955.65,15.65,345880,10200,-,-1837.2352941176473,15.798067833111753,-1545.1180658380817,-14.465408805031451,1.1890581922107806
34,BANKNIFTY,19-Jun-2018,28-Jun-2018,PE,25000,26.95,26.95,14.0,18.9,18.55,18.9,12087,120959.92,89.92,317320,-28560,26265.75,-1321.7513227513227,-39.00007228994534,-1731.6057043717565,-29.870129870129876,0.7633096376469071
35,BANKNIFTY,20-Jun-2018,28-Jun-2018,PE,25000,12.85,14.05,6.65,7.15,7.3,7.15,6204,62062.59,22.59,278960,-38360,26557.7,-3495.503496503496,62.187097679248424,-1568.6580776560138,-44.3579766536965,2.2283399717844783
36,BANKNIFTY,21-Jun-2018,28-Jun-2018,PE,25000,5.9,8.7,4.35,6.85,6.7,6.85,12283,122864.38,34.38,328320,49360,26496.95,-3648.635036496351,4.196954161244404,-2218.163371124155,16.101694915254225,1.644890130273515
37,BANKNIFTY,22-Jun-2018,28-Jun-2018,PE,25000,5.0,6.65,4.35,4.95,4.65,4.95,17476,174797.22,37.22,428920,100600,26766.85,-5049.50505050505,27.742719335800736,-2821.9632852503896,-0.9999999999999963,1.7893588753962166
38,BANKNIFTY,25-Jun-2018,28-Jun-2018,PE,25000,3.05,4.25,2.25,3.9,3.95,3.9,12488,124898.32,18.32,536560,107640,-,-6409.25641025641,21.21543081932903,-4064.547861168299,27.868852459016395,1.5768682345923113
39,BANKNIFTY,26-Jun-2018,28-Jun-2018,PE,25000,4.35,4.35,1.65,2.3,1.65,2.3,9886,98870.57,10.57,430080,-106480,26601.7,-10868.565217391306,41.02941573188837,-5035.79883241927,-47.12643678160919,2.1582604029815644
40,BANKNIFTY,27-Jun-2018,28-Jun-2018,PE,25000,1.15,1.95,1.0,1.7,1.8,1.7,9993,99935.82,5.82,408480,-21600,26423.4,-14704.882352941177,26.088730555416888,-7442.442226050923,47.82608695652175,1.9758141086361942
41,BANKNIFTY,28-Jun-2018,28-Jun-2018,PE,25000,0.4,0.4,0.05,0.15,0.05,0.0,4479,44790.31,0.31,399760,-8720,26324.6,-166665.66666666666,91.1770176503412,-10660.901326862964,-62.5,15.633356088448954
0,BANKNIFTY,02-Jul-2018,30-Aug-2018,PE,26000,481.7,560.0,480.0,501.2,502.0,501.2,68,721.3,14.1,11960,520,26230.3,-50.8754988028731,-327495.1500985667,-64079.70474566638,4.048162756902637,0.0007939409053896076
1,BANKNIFTY,03-Jul-2018,30-Aug-2018,PE,26000,509.85,509.85,460.9,481.2,474.75,481.2,43,455.55,8.35,12160,200,26204.1,-53.031587697423106,4.065669138272416,-60473.80817280357,-5.619299794057082,0.0008769348135954269
2,BANKNIFTY,04-Jul-2018,30-Aug-2018,PE,26000,509.2,524.1,382.85,396.4,392.0,396.4,256,2706.62,44.22,14280,2120,26433.95,-64.59031281533804,17.895446877554246,-55589.857917722315,-22.152395915161037,0.001161908219138411
3,BANKNIFTY,05-Jul-2018,30-Aug-2018,PE,26000,393.15,393.15,340.0,372.35,372.0,372.35,116,1223.37,16.97,15000,720,-,-68.82677588290586,6.155254278909225,-56.165799771878085,-5.290601551570636,1.225421451531917
4,BANKNIFTY,06-Jul-2018,30-Aug-2018,PE,26000,354.2,388.4,335.0,367.7,388.4,367.7,98,1033.11,13.91,14720,-280,26493.85,-69.70981778623879,1.2667396521401355,-62.14955879855567,3.8114059853190287,1.1216462213704212
5,BANKNIFTY,09-Jul-2018,30-Aug-2018,PE,26000,310.5,322.0,240.0,282.35,280.0,282.35,347,3649.26,40.46,15560,840,26753.3,-91.084292544714,23.46669679405186,-67.70896882816089,-9.066022544283408,1.3452323100042702
6,BANKNIFTY,10-Jul-2018,30-Aug-2018,PE,26000,255.3,259.9,231.0,241.7,238.0,241.7,178,1868.54,17.34,17280,1720,-,-106.57136946628052,14.53211777152462,-76.54029540461954,-5.327066196631423,1.3923563908775882
7,BANKNIFTY,11-Jul-2018,30-Aug-2018,PE,26000,244.8,262.0,230.95,250.05,249.0,250.05,452,4744.36,43.56,17240,-40,26816.2,-102.97920415916816,-3.488243414233596,-89.12182659907778,2.144607843137255,1.1554880335030495
8,BANKNIFTY,12-Jul-2018,30-Aug-2018,PE,26000,210.75,210.75,172.05,196.3,198.75,196.3,535,5603.67,39.67,23120,5880,-,-131.4503311258278,21.659228031465595,-100.2116220567209,-6.8564650059311925,1.3117274067415599
9,BANKNIFTY,13-Jul-2018,30-Aug-2018,PE,26000,187.6,210.95,185.0,190.1,194.0,190.1,1024,10730.68,81.08,47120,24000,-,-135.77012098895318,3.181694051430399,-113.6669682504255,1.3326226012793179,1.1944553732605157
10,BANKNIFTY,16-Jul-2018,30-Aug-2018,PE,26000,205.55,223.0,193.7,216.1,220.0,216.1,4921,51590.39,411.99,204200,157080,26679.8,-119.3146691346599,-13.791641860668008,-123.39988542464971,5.1325711505716285,0.9668944887920149
11,BANKNIFTY,17-Jul-2018,30-Aug-2018,PE,26000,198.75,202.0,153.0,158.35,162.0,158.35,3698,38709.31,250.11,275280,71080,-,-163.19324281654565,26.887494190682904,-128.8450404164803,-20.327044025157235,1.2665853671126013
12,BANKNIFTY,18-Jul-2018,30-Aug-2018,PE,26000,145.15,208.6,134.9,200.55,188.5,200.55,8272,86591.21,562.41,426360,151080,26880.9,-128.64348042882074,-26.856986667770943,-139.4260109800529,38.16741302101275,0.9226648566114771
13,BANKNIFTY,19-Jul-2018,30-Aug-2018,PE,26000,184.5,223.8,163.55,213.35,220.6,213.35,10454,109533.4,811.8,571200,144840,26789.65,-120.86547925943286,-6.43525448047305,-137.05046412667542,15.63685636856368,0.8819049247999422
14,BANKNIFTY,20-Jul-2018,30-Aug-2018,PE,26000,220.65,222.3,181.7,198.65,199.4,198.65,3635,38097.77,293.77,582360,11160,-,-129.88346337780013,6.943134933302551,-137.56740083493307,-9.970541581690458,0.9441441983311665
15,BANKNIFTY,23-Jul-2018,30-Aug-2018,PE,26000,203.15,209.85,147.85,151.3,154.95,151.3,2490,26067.55,171.55,578680,-3680,-,-170.8440185062789,23.975410720612018,-126.4641410220179,-25.52301255230125,1.3509285488013103
16,BANKNIFTY,24-Jul-2018,30-Aug-2018,PE,26000,137.35,185.0,132.0,154.4,151.15,154.4,5148,53850.29,311.09,572280,-6400,-,-167.39378238341968,-2.0611495085022757,-140.53098704783727,12.413542045868228,1.1911521145613118
17,BANKNIFTY,25-Jul-2018,30-Aug-2018,PE,26000,149.95,160.5,127.65,138.1,139.25,138.1,3223,33701.36,182.16,570280,-2000,27031.3,-187.2693700217234,10.613368131690807,-156.04042142249958,-7.902634211403798,1.2001337109611325
18,BANKNIFTY,26-Jul-2018,30-Aug-2018,PE,26000,131.05,131.05,73.6,80.6,81.15,80.6,6070,63356.2,228.2,574640,4360,-,-321.58064516129036,41.76596979964465,-175.169056970474,-38.496756962991235,1.8358302015377925
19,BANKNIFTY,27-Jul-2018,30-Aug-2018,PE,26000,66.05,80.4,57.0,60.3,61.0,60.3,6351,66214.41,164.01,652400,77760,27634.4,-430.17744610281926,25.244652392950545,-225.41459918881114,-8.705526116578351,1.908383253129471
20,BANKNIFTY,30-Jul-2018,30-Aug-2018,PE,26000,49.85,58.1,43.35,46.4,47.9,46.4,5998,62497.22,118.02,654240,1840,-,-559.3448275862069,23.09262106539819,-313.00915376194433,-6.920762286860588,1.7869919165738215
21,BANKNIFTY,31-Jul-2018,30-Aug-2018,PE,26000,50.8,52.7,43.5,46.05,47.9,46.05,7113,74115.52,140.32,667280,13040,-,-563.6036916395223,0.7556487149554261,-437.03430628343887,-9.350393700787402,1.2896097252237144
22,BANKNIFTY,01-Aug-2018,30-Aug-2018,PE,26000,46.0,58.4,40.0,49.75,58.0,49.75,9748,101567.4,188.2,451680,-215600,27596.6,-521.6130653266332,-8.050148492080925,-517.7086551095161,8.152173913043478,1.0075417132369384
23,BANKNIFTY,02-Aug-2018,30-Aug-2018,PE,26000,62.5,68.0,52.0,59.3,59.6,59.3,8683,90512.12,208.92,289400,-162280,-,-437.4485666104554,-19.239861583802075,-548.1871948507875,-5.1200000000000045,0.797991216722101
24,BANKNIFTY,03-Aug-2018,30-Aug-2018,PE,26000,50.0,50.0,32.0,32.75,32.8,32.75,2943,30653.8,46.6,295120,5720,-,-792.8931297709923,44.82881107359303,-507.55510785887026,-34.5,1.5621813621693719
25,BANKNIFTY,06-Aug-2018,30-Aug-2018,PE,26000,25.95,26.7,21.55,25.05,24.75,25.05,1903,19809.48,18.28,298960,3840,-,-1036.9241516966067,23.53412460557822,-583.9849205693603,-3.468208092485544,1.775600901964472
26,BANKNIFTY,07-Aug-2018,30-Aug-2018,PE,26000,25.1,26.9,21.9,24.75,23.5,24.75,2590,26962.1,26.1,253000,-45960,-,-1049.5050505050506,1.1987459043088537,-755.7552826926849,-1.3944223107569775,1.3886837109040944
27,BANKNIFTY,08-Aug-2018,30-Aug-2018,PE,26000,24.15,24.75,19.2,20.95,21.3,20.95,2207,22971.27,18.47,241520,-11480,28062.45,-1240.0501193317423,15.365916736444138,-959.7741106575498,-13.250517598343684,1.2920228890964487
28,BANKNIFTY,09-Aug-2018,30-Aug-2018,PE,26000,21.3,21.3,16.0,16.9,16.05,16.9,1359,14143.1,9.5,244440,2920,-,-1537.4615384615386,19.34431604886852,-1108.8264405111331,-20.657276995305175,1.3865664474530555
29,BANKNIFTY,10-Aug-2018,30-Aug-2018,PE,26000,16.8,20.8,16.05,19.95,19.25,19.95,1156,12030.82,8.42,236880,-7560,28124.25,-1302.2581453634086,-18.061195772555063,-1275.6722360994438,18.749999999999993,1.0208407054034938
30,BANKNIFTY,13-Aug-2018,30-Aug-2018,PE,26000,23.0,30.8,20.0,23.35,22.55,23.35,2386,24839.02,24.62,237600,720,-,-1112.490364025696,-17.057925845848448,-1359.9232677188966,1.5217391304347887,0.8180537758514576
31,BANKNIFTY,14-Aug-2018,30-Aug-2018,PE,26000,20.0,20.0,14.3,14.7,15.0,14.7,1623,16889.49,10.29,239600,2000,28021.7,-1767.7074829931973,37.065924383487086,-1317.4033492835476,-26.5,1.3418118937943657
32,BANKNIFTY,16-Aug-2018,30-Aug-2018,PE,26000,15.75,18.3,12.0,13.45,12.9,13.45,631,6566.04,3.64,238640,-960,27826.55,-1932.085501858736,8.507802512228423,-1394.1519974607672,-14.603174603174606,1.38584996856708
33,BANKNIFTY,17-Aug-2018,30-Aug-2018,PE,26000,12.9,12.9,8.0,9.05,8.6,9.05,1225,12744.37,4.37,234880,-3760,28128.55,-2871.92817679558,32.72514551479818,-1604.0944496258765,-29.844961240310074,1.7903734892078211
34,BANKNIFTY,20-Aug-2018,30-Aug-2018,PE,26000,7.0,8.9,5.4,7.65,8.6,7.65,994,10340.4,2.8,234880,0,-,-3397.692810457516,15.474166235503178,-2190.573720549171,9.28571428571429,1.5510515709125385
35,BANKNIFTY,21-Aug-2018,30-Aug-2018,PE,26000,7.0,8.0,5.0,5.4,5.0,5.4,842,8758.89,2.09,228800,-6080,28257.9,-4813.814814814814,29.41787457213964,-2733.902163037277,-22.85714285714285,1.760785327250636
36,BANKNIFTY,23-Aug-2018,30-Aug-2018,PE,26000,4.8,6.45,3.55,5.95,5.6,5.95,10809,112437.11,23.51,501480,272680,-,-4368.747899159664,-10.18751655916698,-3694.478600689303,23.958333333333343,1.1825072957100244
37,BANKNIFTY,24-Aug-2018,30-Aug-2018,PE,26000,5.65,5.75,3.8,5.45,5.1,5.45,11169,116178.16,20.56,481240,-20240,-,-4769.642201834862,8.405123187667538,-4193.418508143998,-3.5398230088495604,1.1374114442838905
38,BANKNIFTY,27-Aug-2018,30-Aug-2018,PE,26000,2.55,3.75,1.0,3.35,3.3,3.35,11756,122272.57,10.17,407920,-73320,-,-7760.194029850746,38.53707544569478,-4650.7349719364465,31.372549019607852,1.668595195528762
39,BANKNIFTY,28-Aug-2018,30-Aug-2018,PE,26000,2.05,2.95,1.8,2.7,2.5,2.7,2317,24099.0,2.2,409880,1960,28269.65,-9628.62962962963,19.40500020926398,-5632.861376948425,31.707317073170753,1.7093674041106783
40,BANKNIFTY,29-Aug-2018,30-Aug-2018,PE,26000,1.4,2.4,1.35,2.05,1.5,2.05,4110,42746.89,2.89,413920,4040,28224.1,-12681.926829268294,24.07597237189571,-7386.155287105078,46.42857142857142,1.7169862176345922
41,BANKNIFTY,30-Aug-2018,30-Aug-2018,PE,26000,0.1,0.4,0.05,0.1,0.1,0.0,6952,72301.1,0.3,394000,-19920,-,-259999.0,95.12231707457786,-10023.583496249557,0.0,25.93872741193623
0,BANKNIFTY,03-Sep-2018,25-Oct-2018,PE,27000,193.1,234.0,182.15,221.85,234.0,221.85,29,315.7,2.5,9520,1000,-,-120.70385395537527,-215302.40139815482,-94103.18548629929,14.888658726048678,0.0012826755367696754
1,BANKNIFTY,04-Sep-2018,25-Oct-2018,PE,27000,243.0,332.6,243.0,316.35,307.2,316.35,159,1736.41,19.21,13240,3720,27430.75,-84.34850640113798,-43.10135307119889,-90933.87689440789,30.185185185185194,0.0009275806694031442
2,BANKNIFTY,05-Sep-2018,25-Oct-2018,PE,27000,318.5,403.9,310.65,329.15,365.6,329.15,265,2899.72,37.72,17240,4000,27376.05,-81.02946984657451,-4.096085733805129,-86734.68412011884,3.3437990580847656,0.0009342222280345983
3,BANKNIFTY,06-Sep-2018,25-Oct-2018,PE,27000,325.1,384.65,298.15,312.75,331.95,312.75,597,6529.67,82.07,28200,10960,27468.7,-85.33093525179856,5.040921434332206,-95.36061006769592,-3.7988311288834273,0.8948237138082763
4,BANKNIFTY,07-Sep-2018,25-Oct-2018,PE,27000,377.1,383.85,301.0,306.55,312.2,306.55,227,2481.63,30.03,24600,-3600,-,-87.07698580981895,2.0051802916488852,-83.56963716650368,-18.708565367276584,1.0419691739994903
5,BANKNIFTY,10-Sep-2018,25-Oct-2018,PE,27000,350.25,418.7,342.25,390.15,383.5,390.15,265,2902.85,40.85,25680,1080,27201.75,-68.20415224913495,-27.671091771283425,-84.47913030273067,11.391862955032114,0.8073491287697401
6,BANKNIFTY,11-Sep-2018,25-Oct-2018,PE,27000,397.75,552.6,349.65,535.65,541.0,535.65,706,7754.51,129.71,30720,5040,26807.5,-49.4060487258471,-38.04818237458746,-80.20402443691749,34.67001885606536,0.6160046091540733
7,BANKNIFTY,12-Sep-2018,25-Oct-2018,PE,27000,620.6,633.0,442.9,478.2,442.9,478.2,1821,20032.47,365.67,61520,30800,26819.2,-55.46173149309912,10.918668790579513,-68.22906226160033,-22.945536577505642,0.8128754764421446
8,BANKNIFTY,14-Sep-2018,25-Oct-2018,PE,27000,370.0,412.6,334.25,347.35,359.0,347.35,528,5778.52,76.12,67080,5560,-,-76.73139484669642,27.71963600569557,-57.690644156027055,-6.121621621621616,1.3300491954843277
9,BANKNIFTY,17-Sep-2018,25-Oct-2018,PE,27000,430.0,524.95,430.0,473.4,489.9,473.4,1563,17182.62,302.22,71080,4000,26820.3,-56.03422053231939,-36.93666855317337,-60.5330583552142,10.093023255813948,0.925679654305666
10,BANKNIFTY,18-Sep-2018,25-Oct-2018,PE,27000,476.25,667.3,430.85,651.85,645.0,651.85,1856,20453.69,408.89,101800,30720,26441.45,-40.42057221753471,-38.62797446497151,-62.74244895737164,36.871391076115486,0.6442300689441877
11,BANKNIFTY,19-Sep-2018,25-Oct-2018,PE,27000,610.0,730.0,555.0,710.05,704.0,710.05,1375,15218.44,368.44,116520,14720,-,-37.025491162594186,-9.169577359639408,-57.728729198850175,16.401639344262286,0.6413702791734354
12,BANKNIFTY,21-Sep-2018,25-Oct-2018,PE,27000,639.95,1649.0,573.7,1284.3,1275.0,1284.3,977,10905.43,353.83,115360,-1160,-,-20.023125437981783,-84.91364536108178,-44.49342797081609,100.68755371513399,0.4500243373271947
13,BANKNIFTY,24-Sep-2018,25-Oct-2018,PE,27000,1450.0,1940.0,1408.4,1868.0,1927.0,1868.0,349,4001.95,232.75,113840,-1520,-,-13.453961456102784,-48.82698678238887,-32.489729606036896,28.827586206896548,0.41409890507684965
14,BANKNIFTY,25-Sep-2018,25-Oct-2018,PE,27000,1998.1,2150.0,1545.75,1630.35,1550.0,1630.35,466,5384.17,351.37,121440,7600,-,-15.56086116478057,13.539737205845684,-23.500859352226247,-18.404984735498726,0.6621400916263296
15,BANKNIFTY,26-Sep-2018,25-Oct-2018,PE,27000,1500.0,1670.0,1445.0,1542.35,1550.0,1542.35,377,4305.18,233.58,133360,11920,25376.3,-16.505754206243722,5.724628088219815,-16.34598268628838,2.8233333333333275,1.0097743600382842
16,BANKNIFTY,27-Sep-2018,25-Oct-2018,PE,27000,1551.05,1850.0,1486.55,1809.95,1751.3,1809.95,654,7515.67,452.47,155320,21960,-,-13.91753915854029,-18.59678653115348,-15.173525609042358,16.691918377873062,0.9172251404938093
17,BANKNIFTY,28-Sep-2018,25-Oct-2018,PE,27000,1814.3,1900.0,1507.5,1782.1,1768.8,1782.1,175,2008.89,118.89,154680,-640,-,-14.150664945850403,1.647454647553337,-15.32805150985486,-1.7747891748883895,0.923187460373063
18,BANKNIFTY,01-Oct-2018,25-Oct-2018,PE,27000,2004.05,2109.0,1475.0,1516.55,1495.0,1516.55,381,4406.2,291.4,148720,-5960,-,-16.803567307375292,15.787733122362047,-14.857986103544805,-24.32574037573913,1.1309451489772435
19,BANKNIFTY,03-Oct-2018,25-Oct-2018,PE,27000,1700.0,1857.55,1480.0,1824.45,1857.55,1824.45,38,435.5,25.1,148080,-640,25069.9,-13.798980514675655,-21.77397663185453,-14.957257137255331,7.32058823529412,0.9225608938891171
20,BANKNIFTY,04-Oct-2018,25-Oct-2018,PE,27000,2170.0,2350.0,2040.0,2185.5,2220.05,2185.5,290,3384.71,252.71,145760,-2320,-,-11.354152367879204,-21.532458501374784,-14.917737589300451,0.7142857142857143,0.761117582335194
21,BANKNIFTY,05-Oct-2018,25-Oct-2018,PE,27000,2044.4,2673.25,1899.95,2512.9,2625.4,2512.9,101,1179.52,88.72,144000,-1760,-,-9.744558080305621,-16.51787874122969,-13.985566729976716,22.91625904910976,0.6967581842371178
22,BANKNIFTY,08-Oct-2018,25-Oct-2018,PE,27000,2480.0,2676.5,2200.0,2262.0,2258.2,2262.0,251,2953.93,243.13,137240,-6760,-,-10.936339522546419,10.897443699364072,-11.632563654286827,-8.790322580645162,0.9401486935784928
23,BANKNIFTY,09-Oct-2018,25-Oct-2018,PE,27000,2275.0,2440.45,2171.0,2401.25,2400.0,2401.25,88,1031.29,80.89,137560,320,-,-10.244143675169182,-6.756990816665846,-10.678349990243747,5.549450549450549,0.9593376958545771
24,BANKNIFTY,10-Oct-2018,25-Oct-2018,PE,27000,2297.15,2300.0,1650.0,1682.5,1670.0,1682.5,87,1006.76,67.16,135560,-2000,25321.7,-15.047548291233284,31.921509890502026,-10.308347092673742,-26.757068541453542,1.4597440458643214
25,BANKNIFTY,11-Oct-2018,25-Oct-2018,PE,27000,2250.0,2370.0,2000.0,2148.6,2108.0,2148.6,87,1014.55,74.95,136840,1280,-,-11.566322256352976,-30.09795125644362,-12.076010496316295,-4.50666666666667,0.957793325857178
26,BANKNIFTY,12-Oct-2018,25-Oct-2018,PE,27000,1758.0,1760.0,1500.0,1592.1,1654.3,1592.1,91,1041.46,58.66,136520,-320,25395.85,-15.95873374788016,27.523558954736245,-12.28600474091848,-9.43686006825939,1.2989359913503593
27,BANKNIFTY,15-Oct-2018,25-Oct-2018,PE,27000,1750.0,1838.0,1561.0,1619.7,1611.0,1619.7,95,1090.9,64.9,136200,-320,-,-15.66975365808483,-1.8441903816798746,-14.190868098488806,-7.445714285714283,1.1042138894768185
28,BANKNIFTY,16-Oct-2018,25-Oct-2018,PE,27000,1550.0,1550.0,1301.0,1384.3,1402.8,1384.3,128,1453.37,70.97,133320,-2880,25589.65,-18.50444267861013,15.318964584661643,-14.398269887439321,-10.690322580645164,1.2851851523322901
29,BANKNIFTY,17-Oct-2018,25-Oct-2018,PE,27000,1160.0,1868.15,1160.0,1812.55,1800.0,1812.55,216,2462.56,129.76,129320,-4000,-,-13.89614079611597,-33.1624581968988,-16.710976694858374,56.25431034482759,0.8315576671465007
30,BANKNIFTY,19-Oct-2018,25-Oct-2018,PE,27000,2062.9,2062.9,1748.0,1896.05,1855.6,1896.05,167,1931.34,127.74,126800,-2520,-,-13.240130798238443,-4.954709344448526,-16.023445710936976,-8.088128362984156,0.8262973543325484
31,BANKNIFTY,22-Oct-2018,25-Oct-2018,PE,27000,1728.0,1945.1,1564.5,1945.1,1945.1,1945.1,153,1758.47,106.07,125400,-1400,-,-12.881034394118556,-2.7877916721024314,-15.213571424321515,12.563657407407403,0.8466805087940104
32,BANKNIFTY,23-Oct-2018,25-Oct-2018,PE,27000,2036.4,2193.55,1931.0,2005.05,1931.0,2005.05,428,4981.67,359.27,112440,-12960,24972.45,-12.465998354155758,-3.3293445753138466,-13.339101996157657,-1.5394814378314738,0.9345455457006477
33,BANKNIFTY,24-Oct-2018,25-Oct-2018,PE,27000,1750.0,2087.25,1701.0,1891.85,1880.05,1891.85,423,4882.79,314.39,98120,-14320,25064.2,-13.271744588630177,6.071140301816066,-12.862387848837585,8.10571428571428,1.0318258743713429
34,BANKNIFTY,25-Oct-2018,25-Oct-2018,PE,27000,2048.1,2271.0,2030.0,2183.05,2160.0,0.0,2561,29888.5,2229.7,4720,-93400,-,-11.36801722360917,-16.746344833708857,-12.872925778968165,6.589033738586997,0.8830950646963475
0,BANKNIFTY,01-Nov-2018,27-Dec-2018,PE,25000,745.0,745.0,632.05,637.9,632.05,637.9,63,323.68,8.68,5020,600,-,-38.191095783038094,70.23385427799619,-12.368586722131703,-14.3758389261745,3.0877493638542344
1,BANKNIFTY,02-Nov-2018,27-Dec-2018,PE,25000,565.45,565.45,424.85,463.25,474.0,463.25,268,1364.59,24.59,8640,3620,25701.65,-52.96654074473826,27.895808852059062,-20.943619198425814,-18.074100274117967,2.5290061017113694
2,BANKNIFTY,05-Nov-2018,27-Dec-2018,PE,25000,493.45,500.0,425.0,430.9,428.0,430.9,58,295.15,5.15,9140,500,25732.2,-57.01810164771408,7.105744993069677,-34.17521791712851,-12.676056338028172,1.6684049180308749
3,BANKNIFTY,06-Nov-2018,27-Dec-2018,PE,25000,405.25,455.0,366.0,430.05,427.65,430.05,1335,6783.29,108.29,22460,13320,25598,-57.13277525869085,0.20071423181796533,-49.39191272516348,6.119679210363976,1.156723279306891
4,BANKNIFTY,07-Nov-2018,27-Dec-2018,PE,25000,390.0,415.75,384.3,401.25,399.0,401.25,76,386.13,6.13,22560,100,-,-61.30529595015577,6.806134163119257,-55.7058058837144,2.8846153846153846,1.1005189670557909
5,BANKNIFTY,09-Nov-2018,27-Dec-2018,PE,25000,400.95,410.0,337.0,343.8,355.1,343.8,460,2334.22,34.22,26780,4220,-,-71.71669575334496,14.517400298247281,-58.4853909521869,-14.253647586980914,1.2262326469181843
6,BANKNIFTY,12-Nov-2018,27-Dec-2018,PE,25000,325.0,469.3,313.0,436.45,437.85,436.45,2774,14059.08,189.08,70060,43280,-,-56.280329934700426,-27.427639170834055,-63.38492232073053,34.29230769230769,0.8879135269728572
7,BANKNIFTY,13-Nov-2018,27-Dec-2018,PE,25000,459.95,479.5,340.0,348.7,341.5,348.7,602,3062.2,52.2,74620,4560,25768.6,-70.69486664754804,20.389792634749334,-63.100773879400386,-24.187411675182087,1.1203486471126591
8,BANKNIFTY,14-Nov-2018,27-Dec-2018,PE,25000,300.05,345.0,280.0,304.4,304.25,304.4,534,2702.29,32.29,77420,2800,25930.15,-81.1287779237845,12.860924992656091,-66.23063077853114,1.4497583736043878,1.2249434584893406
9,BANKNIFTY,15-Nov-2018,27-Dec-2018,PE,25000,289.2,310.75,212.5,227.1,230.0,227.1,1954,9866.16,96.16,100460,23040,26154.75,-109.0836635843241,25.627013928561222,-69.36799150201098,-21.473029045643152,1.57253599567117
10,BANKNIFTY,16-Nov-2018,27-Dec-2018,PE,25000,225.0,235.25,193.0,212.05,220.0,212.05,5162,26030.24,220.24,179600,79140,26245.55,-116.8967224711153,6.683727928062116,-86.96910271855222,-5.75555555555555,1.3441178397506788
11,BANKNIFTY,19-Nov-2018,27-Dec-2018,PE,25000,205.15,275.0,193.75,202.45,209.65,202.45,4393,22153.34,188.34,202640,23040,-,-122.48728081007657,4.564194993951861,-102.36972132640797,-1.3161101632951582,1.1965186504662189
12,BANKNIFTY,20-Nov-2018,27-Dec-2018,PE,25000,214.0,224.0,196.1,209.25,214.85,209.25,2743,13830.52,115.52,207520,4880,26113.35,-118.47431302270012,-3.387204943410437,-116.15588895517199,-2.219626168224299,1.0199595912732662
13,BANKNIFTY,21-Nov-2018,27-Dec-2018,PE,25000,212.15,212.15,155.0,171.15,173.0,171.15,4501,22676.2,171.2,255040,47520,26262.05,-145.07069821793746,18.333395731839662,-119.28610543463066,-19.325948621258544,1.2161575540534089
14,BANKNIFTY,22-Nov-2018,27-Dec-2018,PE,25000,169.15,233.0,165.0,226.6,230.15,226.6,9370,47219.74,369.74,317800,62760,25999.45,-109.32656663724626,-32.69482677462369,-128.67743068357137,33.96393733372745,0.8496172643211185
15,BANKNIFTY,26-Nov-2018,27-Dec-2018,PE,25000,176.75,212.4,130.15,140.3,131.35,140.3,5649,28444.8,199.8,318660,860,26365.6,-177.1895937277263,38.29966854304095,-124.29052595929461,-20.622347949080616,1.4256082059364383
16,BANKNIFTY,27-Nov-2018,27-Dec-2018,PE,25000,147.8,153.0,114.45,120.25,124.0,120.25,5407,27177.33,142.33,318400,-260,26443.1,-206.9002079002079,14.359876422556145,-143.86228619430335,-18.640054127198923,1.438182399108855
17,BANKNIFTY,28-Nov-2018,27-Dec-2018,PE,25000,110.7,132.6,97.0,120.1,132.6,120.1,4305,21617.93,92.93,334680,16280,26457.95,-207.1598667776853,0.12534226900041712,-164.47212275506016,8.4914182475158,1.259543947676761
18,BANKNIFTY,29-Nov-2018,27-Dec-2018,PE,25000,100.05,104.3,62.0,64.25,63.75,64.25,21213,106385.15,320.15,579680,245000,-,-388.10505836575874,46.622734666227075,-197.08322280187318,-35.782108945527234,1.9692445295352152
19,BANKNIFTY,30-Nov-2018,27-Dec-2018,PE,25000,51.0,76.0,49.55,69.1,70.0,69.1,21977,110174.42,289.42,746620,166940,26862.95,-360.79450072358907,-7.569560397233649,-267.3883776812173,35.49019607843136,1.3493275356707213
20,BANKNIFTY,03-Dec-2018,27-Dec-2018,PE,25000,56.15,72.3,53.7,63.15,62.55,63.15,8891,44571.67,116.67,696100,-50520,-,-394.882818685669,8.632514849731816,-318.686475289011,12.466607301869992,1.239095001843291
21,BANKNIFTY,04-Dec-2018,27-Dec-2018,PE,25000,65.0,75.5,62.05,66.65,66.3,66.65,12434,62340.08,170.08,586560,-109540,-,-374.09377344336076,-5.557174889855736,-381.26079259167227,2.538461538461547,0.981201793398181
22,BANKNIFTY,05-Dec-2018,27-Dec-2018,PE,25000,74.85,82.45,64.5,69.1,66.25,69.1,19053,95531.24,266.24,454520,-132040,26519.6,-360.79450072358907,-3.686107380544721,-376.5903642842063,-7.682030728122912,0.9580555822487896
23,BANKNIFTY,06-Dec-2018,27-Dec-2018,PE,25000,93.95,126.2,86.0,111.15,108.0,111.15,38290,192280.83,830.83,387960,-66560,-,-223.92127755285648,-61.125599436803746,-376.5903642842063,18.307610431080366,0.59460171791296
24,BANKNIFTY,07-Dec-2018,27-Dec-2018,PE,25000,92.0,102.75,57.0,64.45,59.4,64.45,22769,114229.44,384.44,455460,67500,26594.3,-386.89759503491075,42.12389003538482,-319.6031839066021,-29.94565217391304,1.210556134972592
25,BANKNIFTY,10-Dec-2018,27-Dec-2018,PE,25000,86.0,135.0,86.0,127.6,131.4,127.6,30862,155010.58,700.58,514560,59100,-,-194.92476489028215,-98.48560302365115,-323.8711244371188,48.37209302325581,0.6018590426332613
26,BANKNIFTY,11-Dec-2018,27-Dec-2018,PE,25000,244.25,245.05,62.6,76.1,71.0,76.1,75108,377645.86,2105.86,516140,1580,26163.4,-327.51511169513805,40.48373405385807,-268.58121249268316,-68.84339815762539,1.219426737467947
27,BANKNIFTY,12-Dec-2018,27-Dec-2018,PE,25000,59.25,60.0,22.0,24.45,25.0,24.45,31797,159208.07,223.07,390020,-126120,26643.85,-1021.4948875255624,67.93766511269573,-303.1124905401103,-58.73417721518987,3.3700191163530753
28,BANKNIFTY,13-Dec-2018,27-Dec-2018,PE,25000,19.95,19.95,12.0,15.45,14.75,15.45,15352,76805.13,45.13,279260,-110760,26816.35,-1617.1229773462783,36.832578484423614,-514.6449213703276,-22.55639097744361,3.142211086122097
29,BANKNIFTY,14-Dec-2018,27-Dec-2018,PE,25000,14.95,20.1,12.05,14.25,13.9,14.25,14920,74642.78,42.78,283820,4560,-,-1753.3859649122808,7.77142000066252,-988.7109921889928,-4.682274247491634,1.7734059586313569
30,BANKNIFTY,17-Dec-2018,27-Dec-2018,PE,25000,9.55,10.1,6.9,7.5,7.0,7.5,7068,35351.57,11.57,271440,-12380,27015.8,-3332.3333333333335,47.3826358433846,-1464.001276594707,-21.46596858638744,2.276181986046078
31,BANKNIFTY,18-Dec-2018,27-Dec-2018,PE,25000,10.0,10.0,4.5,5.1,5.35,5.1,5914,29577.36,7.36,265240,-6200,-,-4900.960784313726,32.006529331983735,-2234.280758530631,-49.00000000000001,2.193529513066581
32,BANKNIFTY,19-Dec-2018,27-Dec-2018,PE,25000,4.95,6.5,3.0,5.4,6.5,5.4,5410,27054.97,4.97,240640,-24600,27298.4,-4628.629629629629,-5.88362380391816,-3328.8933608531133,9.090909090909093,1.390440944747904
33,BANKNIFTY,20-Dec-2018,27-Dec-2018,PE,25000,4.0,5.2,3.55,4.0,3.55,4.0,7853,39271.5,6.5,311760,71120,-,-6249.0,25.930074737884002,-4287.307915758896,0.0,1.457558011410959
34,BANKNIFTY,21-Dec-2018,27-Dec-2018,PE,25000,4.1,7.45,3.0,4.6,4.7,4.6,21999,110015.58,20.58,305900,-5860,-,-5433.782608695653,-15.002760507933443,-5259.530137981118,12.195121951219514,1.0331308056315125
35,BANKNIFTY,24-Dec-2018,27-Dec-2018,PE,25000,2.5,3.35,1.5,1.95,2.4,1.95,13176,65885.19,5.19,200800,-105100,-,-12819.51282051282,57.61318948095342,-5437.137412775093,-22.000000000000004,2.3577687756046233
36,BANKNIFTY,26-Dec-2018,27-Dec-2018,PE,25000,1.9,3.0,0.55,1.2,0.55,1.2,7380,36902.32,2.32,176560,-24240,26986.8,-20832.333333333332,38.46338470400425,-8167.431809736157,-36.84210526315789,2.5506589854230204
37,BANKNIFTY,27-Dec-2018,27-Dec-2018,PE,25000,0.9,0.9,0.05,0.1,0.1,0.0,2400,12000.05,0.05,165980,-10580,-,-249999.0,91.6670333348,-13028.54292084727,-88.8888888888889,19.18856172319706
