,Symbol,Date,Expiry,Option Type,Strike Price,Open,High,Low,Close,LTP,Settle Price,No. of contracts,Turnover in Lacs,Premium Turnover in Lacs,Open Int,Change in OI,Underlying Value,Alpha,Alpha-Change,Alpha-Mean,Change
0,BANKNIFTY,01-Jan-2018,22-Feb-2018,CE,25000,950.0,950.0,940.0,940.0,940.0,940.0,2,20.76,0.76,1240,80,25318.1,-25.595744680851062,,,-1.0526315789473684
1,BANKNIFTY,02-Jan-2018,22-Feb-2018,CE,25000,800.0,800.0,800.0,800.0,800.0,800.0,6,61.92,1.92,1440,200,25338.25,-30.25,15.38596799718657,,0.0
2,BANKNIFTY,03-Jan-2018,22-Feb-2018,CE,25000,760.0,854.0,760.0,850.0,850.0,850.0,17,175.69,5.69,2000,560,25318.6,-28.41176470588235,-6.469979296066258,,11.842105263157894
3,BANKNIFTY,04-Jan-2018,22-Feb-2018,CE,25000,840.0,870.0,840.0,865.0,870.0,865.0,18,186.15,6.15,2240,240,25462.6,-27.90173410404624,-1.8279530581654668,-28.08583646224447,2.976190476190476
4,BANKNIFTY,05-Jan-2018,22-Feb-2018,CE,25000,900.0,940.0,900.0,940.0,940.0,940.0,38,393.94,13.94,3240,1000,25601.85,-25.595744680851062,-9.009268735675262,-28.85449960330953,4.444444444444445
5,BANKNIFTY,08-Jan-2018,22-Feb-2018,CE,25000,990.0,1018.0,950.0,1000.0,1000.0,1000.0,25,260.05,10.05,4000,760,25676.1,-24.0,-6.64893617021276,-27.30308116359322,1.0101010101010102
6,BANKNIFTY,09-Jan-2018,22-Feb-2018,CE,25000,960.0,1000.0,960.0,1000.0,1000.0,1000.0,123,1278.08,48.08,8920,4920,25703.8,-24.0,-0.0,-25.832492928299104,4.166666666666666
7,BANKNIFTY,10-Jan-2018,22-Feb-2018,CE,25000,924.2,937.0,924.2,930.0,930.0,930.0,5,51.86,1.86,9040,120,25617.3,-25.881720430107528,7.27046115496469,-24.531914893617017,0.6275697900887205
8,BANKNIFTY,11-Jan-2018,22-Feb-2018,CE,25000,919.95,920.0,919.95,920.0,920.0,920.0,2,20.74,0.74,9080,40,25660.9,-26.17391304347826,1.1163505162004779,-24.627240143369175,0.0054350779933642615
9,BANKNIFTY,12-Jan-2018,22-Feb-2018,CE,25000,980.0,980.0,880.0,950.0,950.0,950.0,49,508.43,18.43,9560,480,25749.05,-25.31578947368421,-3.389677302720791,-25.351877824528597,-3.061224489795918
10,BANKNIFTY,15-Jan-2018,22-Feb-2018,CE,25000,1024.95,1210.0,1024.95,1210.0,1210.0,1210.0,15,157.05,7.05,9400,-160,26069.2,-19.66115702479339,-28.760425654299667,-25.790474315756665,18.054539245816866
11,BANKNIFTY,16-Jan-2018,22-Feb-2018,CE,25000,1140.0,1150.0,1140.0,1142.0,1150.0,1142.0,5,52.28,2.28,9600,200,25974.9,-20.891418563922944,5.88883677460789,-23.716953180651956,0.17543859649122806
12,BANKNIFTY,17-Jan-2018,22-Feb-2018,CE,25000,1190.0,1400.0,1180.0,1400.0,1400.0,1400.0,131,1374.18,64.18,14200,4600,26289.1,-16.857142857142858,-23.932144023271697,-21.956121687466847,17.647058823529413
13,BANKNIFTY,18-Jan-2018,22-Feb-2018,CE,25000,1618.0,1825.0,1618.0,1745.05,1745.05,1745.05,102,1092.05,72.05,15400,1200,26537.4,-13.326237070571045,-26.495895036786326,-19.136572815286396,7.852286773794806
14,BANKNIFTY,19-Jan-2018,22-Feb-2018,CE,25000,1693.0,1813.85,1693.0,1813.85,1813.85,1813.85,35,374.38,24.38,14960,-440,26909.5,-12.782837610607274,-4.251008082218418,-17.024932830545612,7.138216184288241
15,BANKNIFTY,22-Jan-2018,22-Feb-2018,CE,25000,2000.0,2117.95,1910.0,2055.45,2065.0,2055.45,301,3251.1,241.1,24240,9280,27041.2,-11.162786737697342,-14.512960884927878,-14.322072512773724,2.772499999999991
16,BANKNIFTY,23-Jan-2018,22-Feb-2018,CE,25000,2139.15,2415.8,2125.0,2390.0,2390.0,2390.0,71,773.93,63.93,23920,-320,27390.6,-9.460251046025105,-17.996728452439832,-12.423953806291886,11.72662038660215
17,BANKNIFTY,24-Jan-2018,22-Feb-2018,CE,25000,2475.0,2501.35,2293.85,2491.85,2501.35,2491.85,2693,29469.3,2539.3,129360,105440,27398.55,-9.032706623592913,-4.733292469783863,-11.135291798109906,0.6808080808080771
18,BANKNIFTY,25-Jan-2018,22-Feb-2018,CE,25000,2410.0,2452.0,2169.0,2341.35,2318.9,2341.35,901,9853.72,843.72,143920,14560,27445.65,-9.677600529608988,6.663778940275504,-9.885248135771787,-2.8485477178423273
19,BANKNIFTY,29-Jan-2018,22-Feb-2018,CE,25000,2379.8,2600.95,2379.8,2497.45,2500.0,2497.45,160,1761.04,161.04,143400,-520,27498.45,-9.010210414622916,-7.407042502613989,-9.390186066409003,4.943692747289672
20,BANKNIFTY,30-Jan-2018,22-Feb-2018,CE,25000,2400.0,2448.0,2325.3,2354.65,2342.2,2354.65,73,799.49,69.49,142560,-840,27269.05,-9.617289193723058,6.312368972915632,-9.240172522608274,-1.8895833333333296
21,BANKNIFTY,31-Jan-2018,22-Feb-2018,CE,25000,2334.0,2533.2,2216.2,2450.05,2428.75,2450.05,140,1534.66,134.66,142600,40,27379.45,-9.203873390338972,-4.491758913350949,-9.435033379318321,4.972150814053135
22,BANKNIFTY,01-Feb-2018,22-Feb-2018,CE,25000,2528.15,2629.7,2120.0,2211.8,2181.8,2211.8,1377,15166.09,1396.09,100920,-41680,27220.7,-10.303011122162944,10.668121375309427,-9.277124332894983,-12.513102466230244
23,BANKNIFTY,02-Feb-2018,22-Feb-2018,CE,25000,1891.65,1891.65,1520.0,1541.2,1520.0,1541.2,227,2429.31,159.31,97680,-3240,26451.15,-15.221126395016869,32.31111249732497,-9.70805790207499,-18.52615441545741
24,BANKNIFTY,05-Feb-2018,22-Feb-2018,CE,25000,1190.0,1400.0,1190.0,1314.55,1320.0,1314.55,1917,20167.02,997.02,59080,-38600,26098.75,-18.017914875813016,15.52226492395363,-11.576003635839596,10.466386554621845
25,BANKNIFTY,06-Feb-2018,22-Feb-2018,CE,25000,619.0,1375.0,540.0,1106.8,1172.25,1106.8,5950,61367.71,1867.71,100040,40960,25811.3,-21.58764004336827,16.53596762028592,-14.514017464330943,78.80452342487882
26,BANKNIFTY,07-Feb-2018,22-Feb-2018,CE,25000,1200.05,1216.0,875.0,910.6,907.9,910.6,722,7516.52,296.52,94280,-5760,25670,-26.45442565341533,18.396867404372266,-18.27556043806605,-24.119828340485807
27,BANKNIFTY,08-Feb-2018,22-Feb-2018,CE,25000,900.05,1248.8,895.0,1075.45,1082.25,1075.45,595,6207.75,257.75,102040,7760,25920.65,-22.2460830350086,-18.917229661437812,-22.01999352419887,19.48780623298707
28,BANKNIFTY,09-Feb-2018,22-Feb-2018,CE,25000,799.9,878.0,718.95,790.2,795.0,790.2,2174,22415.96,675.96,116880,14840,25463.65,-30.63756011136421,27.38950832198615,-23.4293829105974,-1.2126515814476724
29,BANKNIFTY,12-Feb-2018,22-Feb-2018,CE,25000,821.6,890.95,761.0,848.3,860.0,848.3,901,9311.27,301.27,108680,-8200,-,-28.470706118118592,-7.610819290030337,-26.44602293326271,3.2497565725413744
30,BANKNIFTY,14-Feb-2018,22-Feb-2018,CE,25000,830.0,868.65,465.8,508.75,496.05,508.75,2626,26859.72,599.72,137800,29120,25341.25,-48.14004914004914,40.8585852596628,-27.118116421497135,-38.704819277108435
31,BANKNIFTY,15-Feb-2018,22-Feb-2018,CE,25000,520.0,683.0,452.75,535.45,560.25,535.45,4118,42125.15,945.15,143720,5920,-,-45.689700252124375,-5.363022463275708,-35.749438456510646,2.971153846153855
32,BANKNIFTY,16-Feb-2018,22-Feb-2018,CE,25000,605.0,637.75,317.95,344.8,342.5,344.8,5980,60777.32,977.32,196680,52960,-,-71.50580046403712,36.10350495257599,-40.7668185034307,-43.00826446280991
33,BANKNIFTY,19-Feb-2018,22-Feb-2018,CE,25000,417.1,433.1,112.0,196.65,210.3,196.65,142769,1437957.13,10267.13,752880,556200,-,-126.1294177472667,43.30759489644382,-55.11184995207021,-52.85303284584033
34,BANKNIFTY,20-Feb-2018,22-Feb-2018,CE,25000,172.65,244.7,76.0,90.75,80.0,90.75,165643,1667489.9,11059.9,604760,-148120,-,-274.4820936639118,54.048216383213244,-81.10830615447607,-47.4370112945265
35,BANKNIFTY,21-Feb-2018,22-Feb-2018,CE,25000,110.0,122.75,42.3,74.0,62.2,74.0,323141,3241296.64,9886.64,769640,164880,24936.7,-336.8378378378378,18.512096079878535,-157.37243729173855,-32.72727272727273
36,BANKNIFTY,22-Feb-2018,22-Feb-2018,CE,25000,15.0,38.85,0.05,3.5,0.05,0.0,856912,8573671.99,4551.99,1313640,544000,-,-7141.857142857143,95.28360997566688,-245.81644974967207,-76.66666666666667
0,BANKNIFTY,01-Mar-2018,26-Apr-2018,CE,24000,0.0,0.0,0.0,1740.0,1740.0,1465.05,0,0.0,0.0,1200,0,-,-12.793103448275861,-55725.83750481325,-2584.392358119631,inf
1,BANKNIFTY,05-Mar-2018,26-Apr-2018,CE,24000,0.0,0.0,0.0,1740.0,1740.0,1350.35,0,0.0,0.0,1200,0,-,-12.793103448275861,-0.0,-2497.162694714419,inf
2,BANKNIFTY,06-Mar-2018,26-Apr-2018,CE,24000,0.0,0.0,0.0,1740.0,1740.0,1103.45,0,0.0,0.0,1200,0,-,-12.793103448275861,-0.0,-2389.1477832512314,inf
3,BANKNIFTY,07-Mar-2018,26-Apr-2018,CE,24000,851.0,900.0,765.0,770.85,800.0,770.85,20,198.71,6.71,1680,480,24134.1,-30.134461957579298,57.54660074473906,-12.793103448275863,-9.418331374853112
4,BANKNIFTY,08-Mar-2018,26-Apr-2018,CE,24000,790.45,934.7,735.0,934.7,934.7,934.7,22,218.63,7.43,2280,600,-,-24.676687707285758,-22.117126556989813,-18.57355628471034,18.249098614713137
5,BANKNIFTY,09-Mar-2018,26-Apr-2018,CE,24000,0.0,0.0,0.0,934.7,934.7,994.0,0,0.0,0.0,2280,0,-,-24.676687707285758,-0.0,-22.534751037713637,inf
6,BANKNIFTY,12-Mar-2018,26-Apr-2018,CE,24000,940.0,1067.0,940.0,1067.0,1067.0,1067.0,2,20.0,0.8,2360,80,-,-21.492970946579195,-14.812827731539278,-26.495945790716934,13.51063829787234
7,BANKNIFTY,13-Mar-2018,26-Apr-2018,CE,24000,1150.0,1320.0,1150.0,1310.0,1310.0,1310.0,63,637.45,32.65,4800,2440,24738.65,-17.3206106870229,-24.088990480470464,-23.61544878705024,13.91304347826087
8,BANKNIFTY,14-Mar-2018,26-Apr-2018,CE,24000,1028.4,1240.0,980.0,1240.0,1240.0,1240.0,13,130.37,5.57,4840,40,24851.65,-18.35483870967742,5.634634218328671,-21.163423113629285,20.57565149747179
9,BANKNIFTY,15-Mar-2018,26-Apr-2018,CE,24000,1175.0,1180.0,1140.1,1180.0,1180.0,1180.0,5,50.32,2.32,4800,-40,-,-19.338983050847457,5.088914647592653,-19.0561401144265,0.425531914893617
10,BANKNIFTY,16-Mar-2018,26-Apr-2018,CE,24000,1050.0,1133.0,970.0,981.2,991.15,981.2,109,1092.48,46.08,6080,1280,-,-23.459845087647775,17.56559781790742,-18.338144149182593,-6.552380952380949
11,BANKNIFTY,19-Mar-2018,26-Apr-2018,CE,24000,955.05,956.95,760.0,794.15,800.0,794.15,270,2679.67,87.67,9800,3720,-,-29.220990996663097,19.715778666347145,-20.38455561605755,-16.847285482435474
12,BANKNIFTY,20-Mar-2018,26-Apr-2018,CE,24000,740.0,835.0,660.0,714.2,718.55,714.2,239,2365.98,71.58,13720,3920,-,-32.60403248389807,10.376144389212374,-24.00660637838611,-3.48648648648648
13,BANKNIFTY,21-Mar-2018,26-Apr-2018,CE,24000,804.95,885.05,741.0,773.4,751.8,773.4,592,5886.25,203.05,17840,4120,24255.6,-30.031807602792863,-8.5650018644432,-28.42828952273631,-3.919498105472398
14,BANKNIFTY,22-Mar-2018,26-Apr-2018,CE,24000,710.15,761.0,610.0,636.75,647.1,636.75,510,5035.98,139.98,26000,8160,-,-36.69140164899882,18.150285208272148,-30.618943694451342,-10.335844539885937
15,BANKNIFTY,23-Mar-2018,26-Apr-2018,CE,24000,522.2,522.2,381.8,396.7,393.0,396.7,4991,48731.16,817.56,76720,50720,23670.4,-59.4991177211999,38.33286432762439,-33.10908057856325,-24.032937571811573
16,BANKNIFTY,26-Mar-2018,26-Apr-2018,CE,24000,399.0,708.25,383.45,685.7,708.25,685.7,5134,50336.27,1049.87,104680,27960,-,-34.00072918185795,-74.99365205657807,-42.074108990997196,71.85463659147871
17,BANKNIFTY,27-Mar-2018,26-Apr-2018,CE,24000,838.05,838.05,658.55,767.45,770.0,767.45,2950,29225.13,905.13,111640,6960,24434.15,-30.272395595804284,-12.315951587823488,-43.39708285068556,-8.424318358093181
18,BANKNIFTY,28-Mar-2018,26-Apr-2018,CE,24000,707.75,725.0,636.8,675.05,690.0,675.05,2877,28391.53,772.33,129360,17720,-,-34.552922005777354,12.388319602195592,-41.25741416628738,-4.620275521017315
19,BANKNIFTY,02-Apr-2018,26-Apr-2018,CE,24000,675.0,752.1,582.45,735.5,751.25,735.5,1899,18726.86,496.46,130160,800,-,-31.63086335825969,-9.23799838917339,-32.94201559447986,8.962962962962964
20,BANKNIFTY,03-Apr-2018,26-Apr-2018,CE,24000,718.05,848.8,707.2,827.4,825.0,827.4,1329,13167.43,409.03,122720,-7440,24510.6,-28.0065264684554,-12.941043916625958,-32.15206031994711,15.228744516398585
21,BANKNIFTY,04-Apr-2018,26-Apr-2018,CE,24000,784.9,888.8,532.3,552.4,541.0,552.4,4934,48630.66,1264.26,161400,38680,24129.5,-42.44677769732078,34.019664182369354,-31.396770610830817,-29.621607848133518
22,BANKNIFTY,05-Apr-2018,26-Apr-2018,CE,24000,725.6,1004.15,704.05,945.15,981.6,945.15,2737,27141.94,866.74,133400,-28000,-,-24.392794794477066,-74.01358907398114,-34.02805584134529,30.257717750826895
23,BANKNIFTY,06-Apr-2018,26-Apr-2018,CE,24000,915.05,1084.45,850.0,1033.6,999.9,1033.6,1064,10611.55,397.15,130520,-2880,-,-22.21981424148607,-9.779472183587734,-31.61536632008442,12.955576198021962
24,BANKNIFTY,09-Apr-2018,26-Apr-2018,CE,24000,1055.3,1231.55,1055.3,1169.6,1154.1,1169.6,446,4487.22,205.62,121480,-9040,-,-19.519835841313274,-13.831972881956084,-29.68646224442797,10.831043305221261
25,BANKNIFTY,10-Apr-2018,26-Apr-2018,CE,24000,1271.35,1300.4,1179.3,1243.8,1251.35,1243.8,2514,25387.49,1253.09,197560,76080,-,-18.29570670525808,-6.6907999552888855,-22.044148292425472,-2.16698784756361
26,BANKNIFTY,11-Apr-2018,26-Apr-2018,CE,24000,1237.95,1237.95,1020.5,1151.1,1150.0,1151.1,2291,22987.1,993.5,143880,-53680,25098.25,-19.84962210059943,7.828438181170326,-20.01178559601914,-7.015630679752828
27,BANKNIFTY,12-Apr-2018,26-Apr-2018,CE,24000,1075.0,1251.75,1039.7,1212.05,1210.0,1212.05,705,7082.04,314.04,134960,-8920,25195.1,-18.801163318344955,-5.576563346117293,-19.221721549056927,12.748837209302321
28,BANKNIFTY,13-Apr-2018,26-Apr-2018,CE,24000,1258.7,1400.0,1120.0,1250.35,1251.25,1250.35,459,4640.98,234.58,133480,-1480,25200.6,-18.194625504858642,-3.3336097702277203,-18.98216404140082,-0.6633828553269354
29,BANKNIFTY,16-Apr-2018,26-Apr-2018,CE,24000,1199.0,1360.0,1160.15,1350.1,1350.0,1350.1,136,1374.47,68.87,131640,-1840,25320.85,-16.776461002888677,-8.453299547060471,-18.948470307934343,12.602168473728097
30,BANKNIFTY,17-Apr-2018,26-Apr-2018,CE,24000,1350.0,1380.0,1231.1,1338.8,1338.0,1338.8,307,3104.4,157.2,124440,-7200,25334.45,-16.9265013444876,0.8864226489887537,-17.92408327536409,-0.8296296296296329
31,BANKNIFTY,18-Apr-2018,26-Apr-2018,CE,24000,1350.0,1362.65,1096.15,1128.65,1152.0,1128.65,232,2343.26,116.06,119480,-4960,25102.3,-20.26434235591193,16.471499310465134,-17.299195950744974,-16.39629629629629
32,BANKNIFTY,19-Apr-2018,26-Apr-2018,CE,24000,1128.55,1167.4,1070.8,1147.4,1155.0,1147.4,299,3006.15,135.75,115720,-3760,25126.15,-19.91685549938992,-1.7446873404923333,-17.989101567762734,1.6702848788268252
33,BANKNIFTY,20-Apr-2018,26-Apr-2018,CE,24000,1000.15,1060.0,881.0,996.1,1058.6,996.1,705,7040.71,272.71,118280,2560,24943.85,-23.093966469229997,13.757320441567296,-19.03589973326315,-0.4049392591111288
34,BANKNIFTY,23-Apr-2018,26-Apr-2018,CE,24000,948.95,1040.0,828.0,941.4,963.6,941.4,879,8780.6,342.2,93320,-24960,24960.65,-24.493945188017843,5.715611380859542,-21.091721441510618,-0.7956162073871191
35,BANKNIFTY,24-Apr-2018,26-Apr-2018,CE,24000,961.8,1060.0,904.9,1004.35,1010.0,1004.35,316,3159.8,126.2,83440,-9880,25042.1,-22.896052173047245,-6.978901877466913,-22.50158905221259,4.423996672904977
36,BANKNIFTY,25-Apr-2018,26-Apr-2018,CE,24000,904.8,942.05,700.0,763.3,757.7,763.3,899,8942.32,311.92,65760,-17680,24814.4,-30.442421066422117,24.788990589511588,-23.49465461009836,-15.638815207780727
37,BANKNIFTY,26-Apr-2018,26-Apr-2018,CE,24000,777.0,1000.0,761.1,982.05,992.0,0.0,1806,17963.46,625.86,4480,-61280,25010.9,-23.43867420192455,-29.881156264045387,-25.944139475829072,26.389961389961385
0,BANKNIFTY,02-May-2018,28-Jun-2018,CE,25000,930.0,1020.0,901.15,1001.55,1001.55,1001.55,21,218.27,8.27,3760,160,25568.3,-23.961309969547205,2.181165254682995,-25.592382480464636,7.69354838709677
1,BANKNIFTY,03-May-2018,28-Jun-2018,CE,25000,900.0,1000.0,900.0,960.9,960.9,960.9,10,103.76,3.76,3960,200,25605.25,-25.017275470912686,4.220945252784384,-25.94746841263129,6.766666666666664
2,BANKNIFTY,04-May-2018,28-Jun-2018,CE,25000,953.7,962.45,953.7,962.45,962.45,962.45,5,51.91,1.91,3880,-80,25645.4,-24.97537534417372,-0.16776575391384674,-24.139086547461478,0.9174792911817133
3,BANKNIFTY,07-May-2018,28-Jun-2018,CE,25000,1051.0,1100.0,1051.0,1100.0,1100.0,1100.0,9,93.85,3.85,4120,240,25852.05,-21.727272727272727,-14.94942627025562,-24.651320261544537,4.662226450999048
4,BANKNIFTY,08-May-2018,28-Jun-2018,CE,25000,1240.75,1254.85,1205.0,1230.0,1230.0,1230.0,40,419.62,19.62,4240,120,26090.5,-19.32520325203252,-12.42972425134815,-23.90664118078638,-0.8664114446907113
5,BANKNIFTY,09-May-2018,28-Jun-2018,CE,25000,1300.0,1348.05,1230.0,1348.0,1348.0,1348.0,9,94.69,4.69,4360,120,26154.45,-17.5459940652819,-10.140258683155064,-22.009283774492985,3.6923076923076925
6,BANKNIFTY,10-May-2018,28-Jun-2018,CE,25000,1400.0,1410.0,1310.0,1310.0,1310.0,1310.0,28,295.35,15.35,4320,-40,-,-18.083969465648856,2.974874522924075,-19.532823348195716,-6.428571428571428
7,BANKNIFTY,11-May-2018,28-Jun-2018,CE,25000,1300.0,1476.75,1300.0,1476.65,1476.65,1476.65,10,105.53,5.53,4640,320,26413.15,-15.930213659296378,-13.519942998979259,-18.318388927654425,13.588461538461546
8,BANKNIFTY,14-May-2018,28-Jun-2018,CE,25000,1600.0,1645.0,1600.0,1600.0,1600.0,1600.0,9,95.8,5.8,4680,40,26475.15,-14.625,-8.924537841342753,-17.18672573007571,0.0
9,BANKNIFTY,15-May-2018,28-Jun-2018,CE,25000,2004.35,2004.35,1618.05,1618.05,1618.05,1618.05,4,42.97,2.97,4680,0,26474,-14.450696826426872,-1.2061921696009057,-16.213061041648412,-19.273081048719035
10,BANKNIFTY,16-May-2018,28-Jun-2018,CE,25000,1385.0,1550.0,1300.0,1333.85,1367.15,1333.85,18,189.89,9.89,4760,80,26182.15,-17.742737189339135,18.55429817723001,-15.00197016190775,-3.6931407942238335
11,BANKNIFTY,17-May-2018,28-Jun-2018,CE,25000,1315.0,1355.0,1225.0,1237.5,1225.0,1237.5,36,378.6,18.6,5440,680,26073.8,-19.2020202020202,7.59963273305763,-15.606144671922003,-5.893536121673003
12,BANKNIFTY,18-May-2018,28-Jun-2018,CE,25000,1160.0,1160.0,1068.95,1104.5,1135.0,1104.5,78,814.3,34.3,8200,2760,25875.6,-21.634676324128566,11.244245514296374,-17.1318180725954,-4.7844827586206895
13,BANKNIFTY,21-May-2018,28-Jun-2018,CE,25000,1200.0,1225.0,990.0,1030.0,1030.0,1030.0,52,541.33,21.33,9480,1280,25750.8,-23.271844660194176,7.034974493732074,-19.526477905162636,-14.166666666666666
14,BANKNIFTY,22-May-2018,28-Jun-2018,CE,25000,1015.2,1080.0,990.0,1036.5,1036.5,1036.5,32,333.17,13.17,9760,280,25777.7,-23.1196333815726,-0.658363721039341,-21.369513728780976,2.0981087470449125
15,BANKNIFTY,23-May-2018,28-Jun-2018,CE,25000,1014.25,1050.0,845.0,853.0,852.0,853.0,117,1216.21,46.21,10880,1120,25684.95,-28.308323563892145,18.329203319329817,-22.675384788631778,-15.898447128420015
16,BANKNIFTY,24-May-2018,28-Jun-2018,CE,25000,888.0,1130.0,875.0,1105.45,1129.95,1105.45,121,1257.1,47.1,13560,2680,26016.8,-21.615224569179972,-30.964744193569544,-24.899933868552974,24.487612612612615
17,BANKNIFTY,25-May-2018,28-Jun-2018,CE,25000,1140.0,1380.0,1140.0,1361.3,1375.0,1361.3,3281,34401.87,1591.87,130400,116840,26273.55,-17.36479835451407,-24.47725638899218,-24.34772717154824,19.41228070175438
18,BANKNIFTY,28-May-2018,28-Jun-2018,CE,25000,1480.0,1705.0,1480.0,1656.4,1590.0,1656.4,267,2838.06,168.06,136440,6040,26614.25,-14.092972711905336,-23.216007789788655,-22.429448829195394,11.918918918918925
19,BANKNIFTY,29-May-2018,28-Jun-2018,CE,25000,1540.0,1576.95,1275.0,1288.55,1280.0,1288.55,187,1978.13,108.13,141000,4560,26254.8,-18.401653020837376,23.4146372831454,-17.690998545199793,-16.32792207792208
20,BANKNIFTY,30-May-2018,28-Jun-2018,CE,25000,1125.0,1400.0,1100.0,1302.95,1346.45,1302.95,284,2981.9,141.9,141080,80,26327.8,-18.18722898039065,-1.1789813647692935,-16.619808029085593,15.817777777777781
21,BANKNIFTY,31-May-2018,28-Jun-2018,CE,25000,1512.85,1796.1,1420.0,1754.25,1768.95,1754.25,537,5702.88,332.88,157600,16520,26956.2,-13.251104460595696,-37.25066491229707,-16.893951571044454,15.956638133324526
22,BANKNIFTY,01-Jun-2018,28-Jun-2018,CE,25000,1717.15,1899.95,1675.95,1693.55,1684.75,1693.55,139,1489.29,99.29,157520,-80,26692.8,-13.761890702961237,3.711599324470955,-16.613328820607908,-1.3743703229187978
23,BANKNIFTY,04-Jun-2018,28-Jun-2018,CE,25000,1800.0,1800.0,1240.0,1262.15,1290.0,1262.15,170,1794.42,94.42,153800,-3720,-,-18.807471378203857,26.827533450828415,-15.06674138131586,-29.88055555555555
24,BANKNIFTY,05-Jun-2018,28-Jun-2018,CE,25000,1300.0,1370.0,1178.0,1309.85,1320.0,1309.85,144,1512.05,72.05,152160,-1640,-,-18.086154903233197,-3.9882245774734177,-15.273488847253597,0.7576923076923007
25,BANKNIFTY,06-Jun-2018,28-Jun-2018,CE,25000,1270.75,1452.75,1216.55,1411.35,1395.85,1411.35,111,1168.92,58.92,152520,360,26367.6,-16.713536684734475,-8.212613789590213,-16.885172328132764,11.064332087349984
26,BANKNIFTY,07-Jun-2018,28-Jun-2018,CE,25000,1571.95,1785.0,1536.15,1577.5,1575.2,1577.5,140,1493.31,93.31,151080,-1440,-,-14.847860538827259,-12.565286029111464,-17.869054322057178,0.3530646649066417
27,BANKNIFTY,08-Jun-2018,28-Jun-2018,CE,25000,1400.05,1480.0,1343.0,1465.0,1450.0,1465.0,128,1351.13,71.13,150760,-320,26451.35,-16.064846416382252,7.5754591485789895,-16.54918404226498,4.639120031427453
28,BANKNIFTY,11-Jun-2018,28-Jun-2018,CE,25000,1500.0,1650.0,1480.0,1500.4,1497.2,1500.4,71,755.14,45.14,152240,1480,-,-15.66222340709144,-2.570663173585653,-15.875414546647995,0.02666666666667273
29,BANKNIFTY,12-Jun-2018,28-Jun-2018,CE,25000,1575.5,1633.15,1495.2,1579.35,1589.35,1579.35,51,541.72,31.72,153200,960,26607.1,-14.829296862633363,-5.616763573982209,-15.52497678743365,0.2443668676610542
30,BANKNIFTY,13-Jun-2018,28-Jun-2018,CE,25000,1670.0,1713.0,1573.0,1628.85,1635.0,1628.85,245,2608.56,158.56,159280,6080,26642.8,-14.348251834116097,-3.352638593737791,-15.518788895369019,-2.4640718562874304
31,BANKNIFTY,14-Jun-2018,28-Jun-2018,CE,25000,1551.35,1621.0,1485.9,1572.95,1568.8,1572.95,207,2197.6,127.6,153680,-5600,-,-14.893702914905115,3.6622932786120574,-14.9465907012803,1.3923357076095104
32,BANKNIFTY,15-Jun-2018,28-Jun-2018,CE,25000,1500.0,1539.5,1322.35,1410.05,1418.7,1410.05,74,781.87,41.87,152520,-1160,-,-16.729867735186698,10.975369616459748,-14.690417203884857,-5.99666666666667
33,BANKNIFTY,18-Jun-2018,28-Jun-2018,CE,25000,1350.0,1401.45,1319.45,1390.0,1390.0,1390.0,44,463.9,23.9,152680,160,-,-16.985611510791365,1.5056495048305285,-15.323940828069304,2.9629629629629632
34,BANKNIFTY,19-Jun-2018,28-Jun-2018,CE,25000,1320.0,1338.0,1230.75,1260.0,1280.0,1260.0,3695,38874.9,1924.9,70640,-82040,26265.75,-18.841269841269842,9.8489026807198,-16.203060720294392,-4.545454545454546
35,BANKNIFTY,20-Jun-2018,28-Jun-2018,CE,25000,1316.5,1605.0,1316.5,1592.4,1605.0,1592.4,231,2445.67,135.67,68160,-2480,26557.7,-14.69957297161517,-28.17562712639527,-17.51891636241597,20.95708317508546
36,BANKNIFTY,21-Jun-2018,28-Jun-2018,CE,25000,1645.35,1645.35,1456.35,1477.35,1484.0,1477.35,56,594.78,34.78,66840,-1320,26496.95,-15.922191762277052,7.678709118166236,-16.842151441225457,-10.21059349074665
37,BANKNIFTY,22-Jun-2018,28-Jun-2018,CE,25000,1376.0,1815.0,1364.0,1794.3,1785.0,1794.3,101,1073.61,63.61,65880,-960,26766.85,-12.933010087499303,-23.11280710796793,-16.487678191720686,30.39970930232558
38,BANKNIFTY,25-Jun-2018,28-Jun-2018,CE,25000,1665.95,1759.2,1566.55,1615.65,1590.1,1615.65,252,2684.7,164.7,57800,-8080,-,-14.473648376814284,10.644436352225947,-14.518258273797175,-3.019298298268253
39,BANKNIFTY,26-Jun-2018,28-Jun-2018,CE,25000,1518.95,1695.65,1489.0,1596.4,1590.0,1596.4,301,3198.63,188.63,48160,-9640,26601.7,-14.66023552994237,1.2727432158030212,-14.442950075530213,5.098917015043289
40,BANKNIFTY,27-Jun-2018,28-Jun-2018,CE,25000,1545.0,1580.0,1321.1,1422.25,1422.0,1422.25,503,5324.31,294.31,29960,-18200,26423.4,-16.577781683951486,11.566964691454722,-14.02229799808532,-7.944983818770226
41,BANKNIFTY,28-Jun-2018,28-Jun-2018,CE,25000,1400.25,1444.0,1140.0,1310.0,1326.5,0.0,710,7487.62,387.62,3680,-26280,26324.6,-18.083969465648856,8.328856032180479,-15.23722186356938,-6.445277628994822
0,BANKNIFTY,02-Jul-2018,30-Aug-2018,CE,26000,723.55,723.65,700.0,700.0,700.0,700.0,3,32.06,0.86,2640,-40,26230.3,-36.142857142857146,49.96530187369882,-16.440662226514238,-3.2547854329348294
1,BANKNIFTY,03-Jul-2018,30-Aug-2018,CE,26000,754.0,802.1,754.0,760.0,760.0,760.0,16,171.34,4.94,2920,280,26204.1,-33.21052631578947,-8.82952230020377,-23.60153609748583,0.7957559681697612
2,BANKNIFTY,04-Jul-2018,30-Aug-2018,CE,26000,700.0,851.0,675.0,851.0,851.0,851.0,19,203.11,5.51,3080,160,26433.95,-29.55229142185664,-12.378853611423276,-29.145784308098495,21.571428571428573
3,BANKNIFTY,05-Jul-2018,30-Aug-2018,CE,26000,865.15,918.65,850.0,863.15,858.8,863.15,34,365.5,11.9,3000,-80,-,-29.122226727683483,-1.4767575920433993,-32.96855829350108,-0.23117378489279317
4,BANKNIFTY,06-Jul-2018,30-Aug-2018,CE,26000,870.0,900.0,856.85,859.35,856.85,859.35,29,311.81,10.21,3480,480,26493.85,-29.25542561238145,0.4552963490013151,-30.628348155109865,-1.2241379310344802
5,BANKNIFTY,09-Jul-2018,30-Aug-2018,CE,26000,960.0,1015.0,959.85,1010.0,1010.0,1010.0,38,410.27,15.07,4360,880,26753.3,-24.742574257425744,-18.23921516008509,-29.30998125397386,5.208333333333334
6,BANKNIFTY,10-Jul-2018,30-Aug-2018,CE,26000,1120.0,1120.0,1096.05,1096.05,1096.05,1096.05,7,75.91,3.11,4280,-80,-,-22.721545549929292,-8.894767757128834,-27.706742199163557,-2.138392857142861
7,BANKNIFTY,11-Jul-2018,30-Aug-2018,CE,26000,1010.0,1064.0,1010.0,1040.0,1040.0,1040.0,10,108.13,4.13,4640,360,26816.2,-24.0,5.326893541961283,-25.573181806578827,2.9702970297029703
8,BANKNIFTY,12-Jul-2018,30-Aug-2018,CE,26000,1235.0,1325.0,1225.0,1235.0,1225.0,1235.0,89,971.31,45.71,6640,2000,-,-20.05263157894737,-19.68503937007873,-23.821373269118343,0.0
9,BANKNIFTY,13-Jul-2018,30-Aug-2018,CE,26000,1150.0,1199.0,1150.0,1160.0,1160.0,1160.0,24,260.8,11.2,7160,520,-,-21.413793103448278,6.3564708873633355,-22.258059042958887,0.8695652173913043
10,BANKNIFTY,16-Jul-2018,30-Aug-2018,CE,26000,1120.0,1120.0,960.0,970.0,960.0,970.0,22,237.8,9.0,7080,-80,26679.8,-25.804123711340207,17.01406587956521,-21.822141560798553,-13.392857142857142
11,BANKNIFTY,17-Jul-2018,30-Aug-2018,CE,26000,1045.45,1258.0,1030.0,1242.3,1240.0,1242.3,29,315.12,13.52,8080,1000,-,-19.928922160508733,-29.48077925896969,-22.423516131245282,18.829212300923036
12,BANKNIFTY,18-Jul-2018,30-Aug-2018,CE,26000,1413.45,1413.45,1120.0,1131.3,1140.0,1131.3,68,739.91,32.71,7160,-920,26880.9,-21.982409617254486,9.341503013090632,-22.382279658432406,-19.961795606494753
13,BANKNIFTY,19-Jul-2018,30-Aug-2018,CE,26000,1150.0,1205.0,1040.0,1066.0,1080.0,1066.0,106,1148.0,45.6,10040,2880,26789.65,-23.390243902439025,6.0188952755543355,-22.57181849636781,-7.304347826086957
14,BANKNIFTY,20-Jul-2018,30-Aug-2018,CE,26000,1083.0,1160.0,1063.05,1120.5,1120.0,1120.5,25,271.06,11.06,10520,480,-,-22.203926818384648,-5.342825590075882,-21.76719189340075,3.4626038781163437
15,BANKNIFTY,23-Jul-2018,30-Aug-2018,CE,26000,1175.0,1205.0,1065.0,1200.0,1200.0,1200.0,54,585.85,24.25,11720,1200,-,-20.666666666666668,-7.438355572828936,-22.525526779359385,2.127659574468085
16,BANKNIFTY,24-Jul-2018,30-Aug-2018,CE,26000,1250.95,1270.0,1135.0,1200.0,1200.0,1200.0,77,838.7,37.9,13280,1560,-,-20.666666666666668,-0.0,-22.086945795830115,-4.072904592509696
17,BANKNIFTY,25-Jul-2018,30-Aug-2018,CE,26000,1170.0,1264.95,1150.0,1226.8,1195.0,1226.8,262,2851.53,126.73,20400,7120,27031.3,-20.193348549070755,-2.343930806947287,-21.17908671723933,4.854700854700851
18,BANKNIFTY,26-Jul-2018,30-Aug-2018,CE,26000,1258.5,1527.75,1258.5,1492.15,1520.0,1492.15,500,5478.85,278.85,33200,12800,-,-16.424521663371642,-22.946341835354517,-20.508893960801363,18.565752880413196
19,BANKNIFTY,27-Jul-2018,30-Aug-2018,CE,26000,1550.0,1690.0,1550.0,1666.65,1669.95,1666.65,266,2940.81,174.41,39640,6440,27634.4,-14.600156001560014,-12.495521702759175,-19.09484562636969,7.52580645161291
20,BANKNIFTY,30-Jul-2018,30-Aug-2018,CE,26000,1744.15,1868.0,1650.0,1868.0,1868.0,1868.0,46,510.25,31.85,40320,680,-,-12.9186295503212,-13.01629127678645,-17.07267540466747,7.100880084855081
21,BANKNIFTY,31-Jul-2018,30-Aug-2018,CE,26000,1770.0,1830.0,1755.0,1830.0,1830.0,1830.0,19,211.23,13.63,40600,280,-,-13.207650273224044,2.1882826765089147,-14.647769071750952,3.389830508474576
22,BANKNIFTY,01-Aug-2018,30-Aug-2018,CE,26000,1838.2,1838.2,1650.0,1720.0,1650.0,1720.0,55,609.74,37.74,39880,-720,27596.6,-14.116279069767442,6.436744357720945,-13.57547860836842,-6.430203459906432
23,BANKNIFTY,02-Aug-2018,30-Aug-2018,CE,26000,1560.0,1560.0,1474.0,1493.7,1495.0,1493.7,70,770.4,42.4,40400,520,-,-16.40644038294169,13.958916496934961,-13.414186297770895,-4.2499999999999964
24,BANKNIFTY,03-Aug-2018,30-Aug-2018,CE,26000,1558.95,1815.65,1558.95,1776.75,1815.65,1776.75,20,221.47,13.47,40320,-80,-,-13.633459969044605,-20.339520710027116,-14.576789908644392,13.970941980178964
25,BANKNIFTY,06-Aug-2018,30-Aug-2018,CE,26000,1911.0,2006.6,1911.0,1965.0,1965.0,1965.0,93,1041.02,73.82,37440,-2880,-,-12.231552162849873,-11.46140561336654,-14.718726473917911,2.8257456828885403
26,BANKNIFTY,07-Aug-2018,30-Aug-2018,CE,26000,1901.05,1965.0,1888.0,1947.15,1945.0,1947.15,19,212.35,14.75,36920,-520,-,-12.352849035770227,0.9819343907556362,-14.090484171612056,2.42497567133953
27,BANKNIFTY,08-Aug-2018,30-Aug-2018,CE,26000,1950.0,2150.0,1950.0,2112.5,2150.0,2112.5,54,606.32,44.72,35480,-1440,28062.45,-11.307692307692308,-9.242882629260501,-12.739287055888235,8.333333333333332
28,BANKNIFTY,09-Aug-2018,30-Aug-2018,CE,26000,2220.0,2360.0,2220.0,2348.55,2345.0,2348.55,40,452.9,36.9,34520,-960,-,-10.070660620382789,-12.283520753403163,-11.964031168770802,5.790540540540548
29,BANKNIFTY,10-Aug-2018,30-Aug-2018,CE,26000,2290.0,2290.0,2148.25,2154.95,2150.0,2154.95,44,496.82,39.22,33880,-640,28124.25,-11.065245133297758,8.988364025682948,-11.24373398794844,-5.897379912663763
30,BANKNIFTY,13-Aug-2018,30-Aug-2018,CE,26000,1927.65,1940.0,1846.45,1846.45,1846.45,1846.45,20,223.16,15.16,33480,-400,-,-13.081074494299871,15.41027353586679,-10.814532687124284,-4.2123829533369666
31,BANKNIFTY,14-Aug-2018,30-Aug-2018,CE,26000,2015.0,2065.0,2015.0,2065.0,2065.0,2065.0,11,123.38,8.98,33480,0,28021.7,-11.590799031476998,-12.857400587964213,-11.40566008266014,2.481389578163772
32,BANKNIFTY,16-Aug-2018,30-Aug-2018,CE,26000,1911.0,2025.0,1855.0,1895.0,1920.05,1895.0,33,368.61,25.41,33040,-440,27826.55,-12.720316622691293,8.879634247463553,-11.912372886358208,-0.837257980115123
33,BANKNIFTY,17-Aug-2018,30-Aug-2018,CE,26000,2050.0,2150.0,2024.4,2150.0,2150.0,2150.0,22,247.31,18.51,32960,-80,28128.55,-11.093023255813954,-14.669520917342888,-12.46406338282272,4.878048780487805
34,BANKNIFTY,20-Aug-2018,30-Aug-2018,CE,26000,2334.55,2371.25,2302.0,2339.4,2312.75,2339.4,47,532.74,43.94,32040,-920,-,-10.113960844661023,-9.68030652076096,-11.801379636660748,0.20774881668843712
35,BANKNIFTY,21-Aug-2018,30-Aug-2018,CE,26000,2280.0,2282.85,2200.0,2261.7,2270.0,2261.7,31,350.13,27.73,31320,-720,28257.9,-10.495777512490605,3.6378121332621403,-11.309100241055424,-0.8026315789473764
36,BANKNIFTY,23-Aug-2018,30-Aug-2018,CE,26000,2250.0,2250.0,2013.0,2089.5,2099.0,2089.5,98,1100.92,81.72,29800,-1520,-,-11.443168222062694,8.279094488408353,-10.56758720432186,-7.133333333333333
37,BANKNIFTY,24-Aug-2018,30-Aug-2018,CE,26000,2110.0,2160.0,1878.4,1893.5,1895.0,1893.5,287,3204.66,219.86,38200,8400,-,-12.731185635067336,10.117026409990208,-10.68430219307144,-10.260663507109005
38,BANKNIFTY,27-Aug-2018,30-Aug-2018,CE,26000,2217.8,2270.0,2193.8,2242.65,2270.0,2242.65,281,3174.61,252.21,29520,-8680,-,-10.593427418455844,-20.180043079231318,-11.55671045654021,1.1204797547118723
39,BANKNIFTY,28-Aug-2018,30-Aug-2018,CE,26000,2367.95,2367.95,2167.6,2293.15,2290.0,2293.15,84,948.7,75.1,28800,-720,28269.65,-10.338115692388198,-2.4696156791476813,-11.589260425195292,-3.158850482484839
40,BANKNIFTY,29-Aug-2018,30-Aug-2018,CE,26000,2220.0,2370.0,2200.0,2252.95,2215.0,2252.95,152,1720.22,139.42,23560,-5240,28224.1,-10.54042477640427,1.9193636718413836,-11.22090958197046,1.484234234234226
41,BANKNIFTY,30-Aug-2018,30-Aug-2018,CE,26000,2085.0,2109.15,1955.0,2081.45,2095.0,0.0,571,6402.86,464.46,2080,-21480,-,-11.491292128083789,8.274677391201944,-10.490655962416104,-0.17026378896883365
0,BANKNIFTY,03-Sep-2018,25-Oct-2018,CE,27000,0.0,0.0,0.0,1249.8,0.0,1291.25,0,0.0,0.0,0,0,-,-20.60345655304849,44.22638697299781,-10.789944198958752,inf
1,BANKNIFTY,04-Sep-2018,25-Oct-2018,CE,27000,0.0,0.0,0.0,1249.8,0.0,1031.9,0,0.0,0.0,0,0,27430.75,-20.60345655304849,-0.0,-14.211724485845515,inf
2,BANKNIFTY,05-Sep-2018,25-Oct-2018,CE,27000,887.1,887.1,887.1,887.1,887.1,887.1,1,11.15,0.35,40,40,27376.05,-29.43625295908015,30.006524330084694,-17.566068411393587,0.0
3,BANKNIFTY,06-Sep-2018,25-Oct-2018,CE,27000,0.0,0.0,0.0,887.1,887.1,1011.85,0,0.0,0.0,40,0,27468.7,-29.43625295908015,-0.0,-23.547722021725708,inf
4,BANKNIFTY,07-Sep-2018,25-Oct-2018,CE,27000,887.0,920.0,887.0,905.0,905.0,905.0,4,44.65,1.45,200,160,-,-28.834254143646408,-2.087790488474943,-26.49198749040293,2.029312288613303
5,BANKNIFTY,10-Sep-2018,25-Oct-2018,CE,27000,822.0,822.0,780.0,795.25,791.0,795.25,22,244.64,7.04,600,400,27201.75,-32.951587551084565,12.495098759824817,-29.235586687268903,-3.2542579075425793
6,BANKNIFTY,11-Sep-2018,25-Oct-2018,CE,27000,801.45,845.65,533.8,573.3,554.0,573.3,68,751.57,17.17,2360,1760,26807.5,-46.095761381475675,28.514929434864065,-30.40736488460371,-28.467153284671543
7,BANKNIFTY,12-Sep-2018,25-Oct-2018,CE,27000,535.0,597.05,441.95,531.2,565.0,531.2,616,6779.19,126.39,15440,13080,26819.2,-49.82831325301204,7.490825251466321,-35.96053435873555,-0.7102803738317672
8,BANKNIFTY,14-Sep-2018,25-Oct-2018,CE,27000,696.2,708.25,596.75,685.45,660.0,685.45,175,1935.87,45.87,17320,1880,-,-38.39018163250419,-29.794419130394058,-42.95855406185743,-1.5440965239873599
9,BANKNIFTY,17-Sep-2018,25-Oct-2018,CE,27000,525.0,531.1,455.0,498.95,485.05,498.95,1302,14318.37,256.77,36360,19040,26820.3,-53.11363864114641,27.720670971384287,-44.77141875566397,-4.961904761904764
10,BANKNIFTY,18-Sep-2018,25-Oct-2018,CE,27000,495.0,530.4,300.1,310.05,312.0,310.05,4633,50712.71,676.31,125880,89520,26441.45,-86.08272859216255,38.29930868852342,-47.11071117555421,-37.36363636363636
11,BANKNIFTY,19-Sep-2018,25-Oct-2018,CE,27000,339.95,339.95,207.05,220.3,223.0,220.3,5117,55804.87,541.27,187240,61360,-,-121.56014525646845,29.185072615251805,-59.19551628860438,-35.1963524047654
12,BANKNIFTY,21-Sep-2018,25-Oct-2018,CE,27000,251.9,290.0,81.0,110.9,100.2,110.9,12223,132911.07,902.67,194400,7160,-,-242.4625788999098,49.86436842831351,-86.91883749659246,-55.97459309249702
13,BANKNIFTY,24-Sep-2018,25-Oct-2018,CE,27000,90.0,95.9,45.5,50.85,54.0,50.85,8156,88304.53,219.73,209200,14800,-,-529.9734513274336,54.250051904937955,-150.03515091618024,-43.5
14,BANKNIFTY,25-Sep-2018,25-Oct-2018,CE,27000,54.0,87.0,38.95,77.8,85.0,77.8,7291,78912.61,169.81,187240,-21960,-,-346.04370179948586,-53.15217372010584,-297.9987251612706,44.07407407407407
15,BANKNIFTY,26-Sep-2018,25-Oct-2018,CE,27000,83.4,97.1,56.95,61.5,60.9,61.5,7381,79925.85,211.05,213880,26640,25376.3,-438.0243902439024,20.998987840197554,-372.8265773422765,-26.258992805755398
16,BANKNIFTY,27-Sep-2018,25-Oct-2018,CE,27000,64.1,64.15,25.2,30.15,32.0,30.15,6310,68239.67,91.67,223800,9920,-,-894.5223880597015,51.03259615513747,-438.013847790274,-52.96411856474259
17,BANKNIFTY,28-Sep-2018,25-Oct-2018,CE,27000,38.0,44.7,26.0,33.3,34.0,33.3,7552,81666.29,104.69,254080,30280,-,-809.810810810811,-10.460662677999363,-559.5301600343632,-12.368421052631588
18,BANKNIFTY,01-Oct-2018,25-Oct-2018,CE,27000,28.05,52.35,22.45,49.3,52.0,49.3,5249,56772.97,83.77,261360,7280,-,-546.6673427991886,-48.13594071015959,-714.1191963714715,75.75757575757575
19,BANKNIFTY,03-Oct-2018,25-Oct-2018,CE,27000,47.4,56.6,32.95,35.15,32.95,35.15,5540,59926.65,94.65,284920,23560,25069.9,-767.1365576102418,28.739239790351206,-750.3335138899002,-25.843881856540087
20,BANKNIFTY,04-Oct-2018,25-Oct-2018,CE,27000,26.05,30.0,21.75,24.45,25.0,24.45,3840,41511.69,39.69,293080,8160,-,-1103.2944785276075,30.468558255270384,-707.8715704067471,-6.142034548944343
21,BANKNIFTY,05-Oct-2018,25-Oct-2018,CE,27000,12.25,26.95,12.25,16.05,14.7,16.05,2937,31744.33,24.73,295960,2880,-,-1681.2429906542056,34.37626299941966,-805.6994596456793,31.020408163265312
22,BANKNIFTY,08-Oct-2018,25-Oct-2018,CE,27000,18.95,19.8,12.1,17.35,15.0,17.35,2585,27934.75,16.75,292960,-3000,-,-1555.1959654178675,-8.104896620052024,-1183.8913422640182,-8.443271767810016
23,BANKNIFTY,09-Oct-2018,25-Oct-2018,CE,27000,15.2,17.0,12.0,12.55,12.4,12.55,1191,12869.32,6.52,292560,-400,-,-2150.394422310757,27.678571461941615,-1446.5778115332268,-17.43421052631578
24,BANKNIFTY,10-Oct-2018,25-Oct-2018,CE,27000,10.15,21.5,10.15,19.2,18.95,19.2,4407,47625.99,30.39,285840,-6720,25321.7,-1405.25,-53.025755012329256,-1795.61112612761,89.16256157635468
25,BANKNIFTY,11-Oct-2018,25-Oct-2018,CE,27000,5.2,12.6,5.2,11.65,11.05,11.65,2824,30511.2,12.0,287720,1880,-,-2316.596566523605,39.339891101160305,-1703.6134625762081,124.03846153846155
26,BANKNIFTY,12-Oct-2018,25-Oct-2018,CE,27000,15.0,31.05,13.0,25.5,24.0,25.5,8500,91888.19,88.19,289800,2080,25395.85,-1057.8235294117646,-118.99650576044756,-1957.4136629447873,70.0
27,BANKNIFTY,15-Oct-2018,25-Oct-2018,CE,27000,21.05,21.05,13.0,16.85,17.1,16.85,6636,71710.19,41.39,295240,5440,-,-1601.373887240356,33.94275141861408,-1593.2233653117898,-19.952494061757715
28,BANKNIFTY,16-Oct-2018,25-Oct-2018,CE,27000,18.2,22.0,12.0,13.5,12.4,13.5,9365,101206.58,64.58,300720,5480,25589.65,-1999.0,19.891251263614006,-1658.5979943919083,-25.82417582417582
29,BANKNIFTY,17-Oct-2018,25-Oct-2018,CE,27000,18.15,22.0,4.3,4.85,4.9,4.85,12687,137062.59,42.99,329360,28640,-,-5566.010309278351,64.08558574410588,-1552.7324722173735,-73.27823691460054
30,BANKNIFTY,19-Oct-2018,25-Oct-2018,CE,27000,3.35,6.0,2.45,5.45,5.85,5.45,9293,100382.22,17.82,412760,83400,-,-4953.128440366972,-12.373631661083492,-3055.461398839569,62.68656716417911
31,BANKNIFTY,22-Oct-2018,25-Oct-2018,CE,27000,6.0,6.0,2.3,2.65,2.8,2.65,7551,81559.95,9.15,360320,-52440,-,-10187.67924528302,51.38118975761519,-4172.712916548441,-55.833333333333336
32,BANKNIFTY,23-Oct-2018,25-Oct-2018,CE,27000,1.25,2.05,1.25,1.75,1.7,1.75,14888,160800.14,9.74,318160,-42160,24972.45,-15427.57142857143,33.9644655514884,-6902.272664976114,40.0
33,BANKNIFTY,24-Oct-2018,25-Oct-2018,CE,27000,1.55,1.55,0.75,1.0,0.95,1.0,4430,47845.82,1.82,291160,-27000,25064.2,-26999.0,42.85873021752128,-10189.459704740473,-35.483870967741936
34,BANKNIFTY,25-Oct-2018,25-Oct-2018,CE,27000,0.25,0.35,0.05,0.1,0.05,0.0,5193,56084.8,0.4,279360,-11800,-,-269999.0,90.00033333456791,-17538.083557951482,-60.0
0,BANKNIFTY,01-Nov-2018,27-Dec-2018,CE,25000,1094.0,1127.55,1029.1,1120.0,1120.0,1120.0,31,161.75,6.75,3860,-60,-,-21.321428571428573,-1266226.9681742045,-104141.85714285714,2.376599634369287
1,BANKNIFTY,02-Nov-2018,27-Dec-2018,CE,25000,1239.95,1380.0,1220.0,1268.3,1295.0,1268.3,42,220.76,10.76,4320,460,25701.65,-18.711424741780338,-13.948717778932215,-99006.44047619047,2.286382515424002
2,BANKNIFTY,05-Nov-2018,27-Dec-2018,CE,25000,1150.5,1330.0,1150.5,1330.0,1330.0,1330.0,6,31.51,1.51,4340,20,25732.2,-17.796992481203006,-5.138128037886994,-90013.0109511044,15.601912212081704
3,BANKNIFTY,06-Nov-2018,27-Dec-2018,CE,25000,1380.0,1380.0,1185.5,1199.05,1224.6,1199.05,54,284.39,14.39,3520,-820,25598,-19.84983945623619,10.341882006447383,-19.27661526480397,-13.112318840579714
4,BANKNIFTY,07-Nov-2018,27-Dec-2018,CE,25000,1267.6,1267.6,1267.6,1267.6,1267.6,1267.6,2,10.51,0.51,3480,-40,-,-18.72230987693279,-6.0223849872957995,-18.786085559739846,0.0
5,BANKNIFTY,09-Nov-2018,27-Dec-2018,CE,25000,1150.0,1250.0,1150.0,1242.0,1242.0,1242.0,7,36.72,1.72,3460,-20,-,-19.128824476650564,2.125141564312968,-18.789713938123995,8.0
6,BANKNIFTY,12-Nov-2018,27-Dec-2018,CE,25000,1212.0,1212.0,1110.0,1128.6,1128.7,1128.6,17,88.92,3.92,3480,20,-,-21.15133794081163,9.562106519316746,-19.233657936606516,-6.881188118811889
7,BANKNIFTY,13-Nov-2018,27-Dec-2018,CE,25000,1035.55,1260.0,1008.0,1247.5,1255.0,1247.5,17,88.9,3.9,3700,220,25768.6,-19.04008016032064,-11.088492079412722,-19.667490764798327,20.467384481676408
8,BANKNIFTY,14-Nov-2018,27-Dec-2018,CE,25000,1295.0,1419.0,1268.0,1327.5,1330.0,1327.5,41,216.08,11.08,3700,0,25930.15,-17.832391713747647,-6.772442339531737,-19.773414192594277,2.5096525096525095
9,BANKNIFTY,15-Nov-2018,27-Dec-2018,CE,25000,1290.0,1475.0,1290.0,1474.9,1475.0,1474.9,38,200.32,10.32,3900,200,26154.75,-15.950301715370532,-11.799714086683615,-19.341269938293305,14.33333333333334
10,BANKNIFTY,16-Nov-2018,27-Dec-2018,CE,25000,1493.55,1550.0,1440.0,1480.0,1480.0,1480.0,39,206.67,11.67,4080,180,26245.55,-15.891891891891891,-0.36754480760369335,-17.607591196479607,-0.9072344414314858
11,BANKNIFTY,19-Nov-2018,27-Dec-2018,CE,25000,1475.0,1570.0,1475.0,1550.0,1570.0,1550.0,84,445.63,25.63,4200,120,-,-15.129032258064516,-5.042355788624442,-16.558195107003357,5.084745762711865
12,BANKNIFTY,20-Nov-2018,27-Dec-2018,CE,25000,1430.0,1460.0,1350.25,1392.5,1400.0,1392.5,50,264.24,14.24,3900,-300,26113.35,-16.953321364452425,10.76065903058419,-15.657075288442314,-2.6223776223776225
13,BANKNIFTY,21-Nov-2018,27-Dec-2018,CE,25000,1420.55,1600.0,1380.0,1560.0,1560.0,1560.0,46,243.8,13.8,4420,520,26262.05,-15.025641025641026,-12.82927187946153,-15.991415171469612,9.816620323114291
14,BANKNIFTY,22-Nov-2018,27-Dec-2018,CE,25000,1554.7,1554.7,1270.0,1282.05,1291.55,1282.05,52,274.11,14.11,4800,380,25999.45,-18.5000195000195,18.780404390248417,-15.702664882719324,-17.5371454299865
15,BANKNIFTY,26-Nov-2018,27-Dec-2018,CE,25000,1360.0,1593.05,1310.0,1577.0,1593.05,1577.0,157,828.84,43.84,7080,2280,26365.6,-14.85288522511097,-24.555055934469337,-16.826327296704317,15.955882352941176
16,BANKNIFTY,27-Nov-2018,27-Dec-2018,CE,25000,1520.0,1630.0,1500.0,1601.55,1600.0,1601.55,92,488.65,28.65,7860,780,26443.1,-14.609877930754582,-1.6633081775778915,-16.12618191692383,5.3651315789473655
17,BANKNIFTY,28-Nov-2018,27-Dec-2018,CE,25000,1660.0,1690.0,1560.0,1581.85,1561.45,1581.85,482,2565.0,155.0,14880,7020,26457.95,-14.804279798969564,1.3131464066797283,-15.98759421862835,-4.7078313253012105
18,BANKNIFTY,29-Nov-2018,27-Dec-2018,CE,25000,1689.0,1983.6,1689.0,1931.65,1938.2,1931.65,1278,6851.8,461.8,31720,16840,-,-11.942303212279656,-23.965030328044964,-14.75568098494504,14.366489046773246
19,BANKNIFTY,30-Nov-2018,27-Dec-2018,CE,25000,1995.35,2062.25,1880.0,1952.35,1955.3,1952.35,409,2204.04,159.04,31540,-180,26862.95,-11.805081056163086,-1.1623991014015966,-13.785486980667935,-2.155010399178089
20,BANKNIFTY,03-Dec-2018,27-Dec-2018,CE,25000,2050.0,2050.0,1940.0,1991.45,1992.15,1991.45,83,447.81,32.81,31380,-160,-,-11.553666926109116,-2.176054854808227,-12.850554689137434,-2.8560975609756074
21,BANKNIFTY,04-Dec-2018,27-Dec-2018,CE,25000,1910.0,1910.0,1820.0,1850.0,1860.0,1850.0,82,440.44,30.44,30960,-420,-,-12.513513513513514,7.6704802881128975,-11.76701706485062,-3.1413612565445024
22,BANKNIFTY,05-Dec-2018,27-Dec-2018,CE,25000,1726.7,1762.15,1621.0,1696.7,1700.0,1696.7,305,1629.27,104.27,29640,-1320,26519.6,-13.73448458772912,8.889820847783875,-11.95742049859524,-1.737418196559912
23,BANKNIFTY,06-Dec-2018,27-Dec-2018,CE,25000,1501.05,1523.2,1341.15,1372.3,1384.7,1372.3,238,1256.52,66.52,30840,1200,-,-17.21759090577862,20.22992843255725,-12.600555009117251,-8.57732920289131
24,BANKNIFTY,07-Dec-2018,27-Dec-2018,CE,25000,1500.0,1760.0,1469.3,1706.75,1760.0,1706.75,139,738.96,43.96,29520,-1320,26594.3,-13.647722279185587,-26.157248466562898,-14.488529669007086,13.783333333333333
25,BANKNIFTY,10-Dec-2018,27-Dec-2018,CE,25000,1400.0,1450.0,1297.05,1312.4,1315.0,1312.4,179,943.96,48.96,28240,-1280,-,-18.049070405364215,24.385456022546958,-14.866599257564443,-6.25714285714285
26,BANKNIFTY,11-Dec-2018,27-Dec-2018,CE,25000,1001.25,1350.0,934.05,1292.7,1314.05,1292.7,924,4822.19,202.19,29860,1620,26163.4,-18.339367215904694,1.582916177656996,-16.304794530109476,29.10861423220974
27,BANKNIFTY,12-Dec-2018,27-Dec-2018,CE,25000,1385.5,1788.45,1382.2,1772.0,1770.0,1772.0,314,1673.29,103.29,26800,-3060,26643.85,-13.108352144469526,-39.90596997840157,-16.678719966818164,27.89606640202093
28,BANKNIFTY,13-Dec-2018,27-Dec-2018,CE,25000,1920.0,2015.0,1800.0,1892.6,1895.0,1892.6,232,1250.92,90.92,27880,1080,26816.35,-12.209341646412344,-7.3633003653505895,-16.498929921912815,-1.427083333333338
29,BANKNIFTY,14-Dec-2018,27-Dec-2018,CE,25000,1822.0,1924.35,1780.75,1887.75,1888.25,1887.75,72,387.22,27.22,26980,-900,-,-12.243279035889286,0.27719199552227,-14.552353668928854,3.608671789242591
30,BANKNIFTY,17-Dec-2018,27-Dec-2018,CE,25000,2030.0,2219.65,2005.5,2087.75,2102.5,2087.75,88,476.68,36.68,25820,-1160,27015.8,-10.974613818704347,-11.559998721984337,-12.520324275590385,2.844827586206897
31,BANKNIFTY,18-Dec-2018,27-Dec-2018,CE,25000,1960.0,2260.0,1930.0,2235.1,2260.0,2235.1,35,189.04,14.04,25720,-100,-,-10.185181871057225,-7.7507889170876325,-11.809078167001992,14.035714285714281
32,BANKNIFTY,19-Dec-2018,27-Dec-2018,CE,25000,2366.0,2400.0,2294.5,2355.05,2360.0,2355.05,28,153.21,13.21,25400,-320,27298.4,-9.615485870788305,-5.924776011575734,-11.13435824188362,-0.46280642434487823
33,BANKNIFTY,20-Dec-2018,27-Dec-2018,CE,25000,2250.0,2330.0,2190.0,2329.35,2327.95,2329.35,274,1492.0,122.0,30240,4840,-,-9.732607809045442,1.2033972862677595,-10.258427186849959,3.526666666666663
34,BANKNIFTY,21-Dec-2018,27-Dec-2018,CE,25000,2330.0,2330.0,1883.9,1925.0,1915.0,1925.0,171,927.2,72.2,29180,-1060,-,-11.987012987012987,18.80706378152773,-9.844425183630323,-17.381974248927037
35,BANKNIFTY,24-Dec-2018,27-Dec-2018,CE,25000,1863.75,1950.4,1750.0,1773.65,1780.0,1773.65,126,675.94,45.94,27520,-1660,-,-13.09522735601725,8.462734848929827,-10.445035555615577,-4.834339369550633
36,BANKNIFTY,26-Dec-2018,27-Dec-2018,CE,25000,1618.9,2062.0,1439.55,2025.25,2056.65,2025.25,932,4964.97,304.97,12980,-14540,26986.8,-11.344155042587335,-15.435898988123641,-11.604949384025225,25.100376799061085
37,BANKNIFTY,27-Dec-2018,27-Dec-2018,CE,25000,2187.8,2279.25,1848.0,1898.0,1860.0,0.0,857,4628.55,343.55,540,-12440,-,-12.171759747102213,6.799384162277022,-12.142131795205858,-13.246183380564958
